year,region,total_households,tenure,ami_group,pct_hh_ten,pct_hh_ami_ten,hh_allocated
2010,0,1971855,Owner,Less than 30,0.6577115946497226,0.07349669035558208,95318.73207318144
2010,0,1971855,Renter,Less than 30,0.3422884053502774,0.26504207620692277,178888.32148165768
2010,0,1971855,Owner,30 to 50,0.6577115946497226,0.08706433104360317,112914.76668847966
2010,0,1971855,Renter,30 to 50,0.3422884053502774,0.19159400449469033,129315.05201176474
2010,0,1971855,Owner,50 to 80,0.6577115946497226,0.15607753780150205,202418.8155462065
2010,0,1971855,Renter,50 to 80,0.3422884053502774,0.21972682900641097,148303.10789882578
2010,0,1971855,Owner,80 to 100,0.6577115946497226,0.10630675657951412,137870.49728290277
2010,0,1971855,Renter,80 to 100,0.3422884053502774,0.09902634926457979,66837.15150407642
2010,0,1971855,Owner,Greater than 100,0.6577115946497226,0.5770546842197986,748389.0848772585
2010,0,1971855,Renter,Greater than 100,0.3422884053502774,0.22461074102739614,151599.4706356466
2011,0,2008676,Owner,Less than 30,0.6459138489778924,0.07339017156551375,95218.73113186045
2011,0,2008676,Renter,Less than 30,0.3540861510221076,0.26152554301801284,186008.56576509404
2011,0,2008676,Owner,30 to 50,0.6459138489778924,0.08814317462856748,114359.7441869182
2011,0,2008676,Renter,30 to 50,0.3540861510221076,0.18923948868187956,134595.51778241302
2011,0,2008676,Owner,50 to 80,0.6459138489778924,0.16271904441506338,211116.8377138909
2011,0,2008676,Renter,50 to 80,0.3540861510221076,0.22231981414936713,158123.71248279096
2011,0,2008676,Owner,80 to 100,0.6459138489778924,0.10615684779932215,137731.25382853474
2011,0,2008676,Renter,80 to 100,0.3540861510221076,0.10377852418118148,73811.88933744088
2011,0,2008676,Owner,Greater than 100,0.6459138489778924,0.5695907615915332,739005.0796483126
2011,0,2008676,Renter,Greater than 100,0.3540861510221076,0.22313662996955894,158704.66812274407
2012,0,2036225,Owner,Less than 30,0.6415004757860497,0.0684593519666941,89424.29642323201
2012,0,2036225,Renter,Less than 30,0.3584995242139503,0.255299897491263,186365.27276979675
2012,0,2036225,Owner,30 to 50,0.6415004757860497,0.08589696397044859,112201.99063067473
2012,0,2036225,Renter,30 to 50,0.3584995242139503,0.18817275728923827,137363.42076382463
2012,0,2036225,Owner,50 to 80,0.6415004757860497,0.15917760620476376,207924.04590859095
2012,0,2036225,Renter,50 to 80,0.3584995242139503,0.21528932496668116,157158.12723040377
2012,0,2036225,Owner,80 to 100,0.6415004757860497,0.1086013412706042,141859.3406853726
2012,0,2036225,Renter,80 to 100,0.3584995242139503,0.10391840696108444,75858.95039291204
2012,0,2036225,Owner,Greater than 100,0.6415004757860497,0.5778647365874894,754829.632659579
2012,0,2036225,Renter,Greater than 100,0.3584995242139503,0.23731961329173315,173239.92253561376
2013,0,2065106,Owner,Less than 30,0.647816205380619,0.06874998554571293,91974.35853114922
2013,0,2065106,Renter,Less than 30,0.35218379461938093,0.23237135856248298,169002.96114929565
2013,0,2065106,Owner,30 to 50,0.647816205380619,0.08266927126495441,110595.70608601939
2013,0,2065106,Renter,30 to 50,0.35218379461938093,0.19003539341138034,138212.14631776023
2013,0,2065106,Owner,50 to 80,0.647816205380619,0.13604991701311986,182008.82147353512
2013,0,2065106,Renter,50 to 80,0.35218379461938093,0.22461486977039657,163361.691149011
2013,0,2065106,Owner,80 to 100,0.647816205380619,0.10548777244403879,141122.50535629835
2013,0,2065106,Renter,80 to 100,0.35218379461938093,0.10158589708684998,73883.10472036431
2013,0,2065106,Owner,Greater than 100,0.647816205380619,0.607043053732174,812107.7411817466
2013,0,2065106,Renter,Greater than 100,0.35218379461938093,0.2513924811688901,182836.96403482006
2014,0,2094731,Owner,Less than 30,0.6405468129790363,0.060384178749600975,81021.87674152108
2014,0,2094731,Renter,Less than 30,0.35945318702096374,0.2236536609454589,168401.75372429183
2014,0,2094731,Owner,30 to 50,0.6405468129790363,0.07725678031170029,103661.08244707585
2014,0,2094731,Renter,30 to 50,0.35945318702096374,0.16464364542153323,123969.7061578979
2014,0,2094731,Owner,50 to 80,0.6405468129790363,0.13939474201936894,187036.1382762711
2014,0,2094731,Renter,50 to 80,0.35945318702096374,0.22348587159067038,168275.41543193744
2014,0,2094731,Owner,80 to 100,0.6405468129790363,0.0977242159074468,131123.7403550391
2014,0,2094731,Renter,80 to 100,0.35945318702096374,0.09789622160199274,73711.71717496632
2014,0,2094731,Owner,Greater than 100,0.6405468129790363,0.625240083011883,838930.4282784826
2014,0,2094731,Renter,Greater than 100,0.35945318702096374,0.29032060044034474,218599.14141251685
2015,0,2132505,Owner,Less than 30,0.638916333831441,0.06211170280207937,84626.71534668146
2015,0,2132505,Renter,Less than 30,0.361083666168559,0.1991164919281068,153322.23224786372
2015,0,2132505,Owner,30 to 50,0.638916333831441,0.07586398956691844,103364.09984767454
2015,0,2132505,Renter,30 to 50,0.361083666168559,0.17115832234957595,131794.08594598738
2015,0,2132505,Owner,50 to 80,0.638916333831441,0.1398541602516498,190550.21317607982
2015,0,2132505,Renter,50 to 80,0.361083666168559,0.21864421039136897,168358.82392594637
2015,0,2132505,Owner,80 to 100,0.638916333831441,0.09861994119316295,134368.90818232184
2015,0,2132505,Renter,80 to 100,0.361083666168559,0.11254311709019234,86659.63210436246
2015,0,2132505,Owner,Greater than 100,0.638916333831441,0.6235502061861895,849582.3399244593
2015,0,2132505,Renter,Greater than 100,0.361083666168559,0.29853785824075596,229877.949298623
2016,0,2164522,Owner,Less than 30,0.6492946394304552,0.05997879688777475,84294.95277212848
2016,0,2164522,Renter,Less than 30,0.3507053605695448,0.20377078762333245,154684.3342826063
2016,0,2164522,Owner,30 to 50,0.6492946394304552,0.07196271993114468,101137.30839416319
2016,0,2164522,Renter,30 to 50,0.3507053605695448,0.1642989900738845,124720.91902526129
2016,0,2164522,Owner,50 to 80,0.6492946394304552,0.1367425385429765,192179.6772614258
2016,0,2164522,Renter,50 to 80,0.3507053605695448,0.20828610154451332,158111.95183329232
2016,0,2164522,Owner,80 to 100,0.6492946394304552,0.09079783468148206,127608.41469707947
2016,0,2164522,Renter,80 to 100,0.3507053605695448,0.11135429658226718,84530.1008904949
2016,0,2164522,Owner,Greater than 100,0.6492946394304552,0.6405181099566221,900192.1784044909
2016,0,2164522,Renter,Greater than 100,0.3507053605695448,0.31228982417600254,237062.1624390575
2017,0,2190473,Owner,Less than 30,0.6544312948684855,0.06741560990737294,96641.22613295849
2017,0,2190473,Renter,Less than 30,0.34556870513151444,0.19424240414945285,147033.52012044116
2017,0,2190473,Owner,30 to 50,0.6544312948684855,0.0707940003558457,101484.19641454272
2017,0,2190473,Renter,30 to 50,0.34556870513151444,0.1530631714409822,115862.53267566748
2017,0,2190473,Owner,50 to 80,0.6544312948684855,0.13596735365845816,194911.1161296477
2017,0,2190473,Renter,50 to 80,0.34556870513151444,0.21724004010885142,164441.78575824233
2017,0,2190473,Owner,80 to 100,0.6544312948684855,0.09784256043124497,140258.68817407943
2017,0,2190473,Renter,80 to 100,0.34556870513151444,0.1149002217894989,86974.74759080315
2017,0,2190473,Owner,Greater than 100,0.6544312948684855,0.6279804756470783,900218.8549132278
2017,0,2190473,Renter,Greater than 100,0.34556870513151444,0.32055416251121466,242646.33209038977
2018,0,2220185,Owner,Less than 30,0.6527028256751204,0.06571945812235551,95235.44838668757
2018,0,2220185,Renter,Less than 30,0.34729717432487955,0.19326391066893753,149018.83956680517
2018,0,2220185,Owner,30 to 50,0.6527028256751204,0.07769616800206736,112591.15046000751
2018,0,2220185,Renter,30 to 50,0.34729717432487955,0.16994657657335763,131039.68320653136
2018,0,2220185,Owner,50 to 80,0.6527028256751204,0.13928021445274624,201833.88685441992
2018,0,2220185,Renter,50 to 80,0.34729717432487955,0.2062790060622422,159054.310781521
2018,0,2220185,Owner,80 to 100,0.6527028256751204,0.09900202299297339,143465.91284077737
2018,0,2220185,Renter,80 to 100,0.34729717432487955,0.11920292300383373,91913.07987879589
2018,0,2220185,Owner,Greater than 100,0.6527028256751204,0.6183021364298575,895994.6244796248
2018,0,2220185,Renter,Greater than 100,0.34729717432487955,0.3113075836916289,240038.06354482923
2019,0,2242113,Owner,Less than 30,0.6615189627556379,0.06418620195556975,95200.99182307663
2019,0,2242113,Renter,Less than 30,0.33848103724436207,0.18954492927615488,143848.06046609045
2019,0,2242113,Owner,30 to 50,0.6615189627556379,0.07648073216488052,113436.24230160408
2019,0,2242113,Renter,30 to 50,0.33848103724436207,0.1488942540346572,112997.74538534832
2019,0,2242113,Owner,50 to 80,0.6615189627556379,0.12912673182526382,191520.80300913999
2019,0,2242113,Renter,50 to 80,0.33848103724436207,0.20135868056198286,152813.66675154926
2019,0,2242113,Owner,80 to 100,0.6615189627556379,0.09871547765870146,146414.8227356152
2019,0,2242113,Renter,80 to 100,0.33848103724436207,0.13038229748704916,98948.78583272282
2019,0,2242113,Owner,Greater than 100,0.6615189627556379,0.6314908563955844,936627.4062714956
2019,0,2242113,Renter,Greater than 100,0.33848103724436207,0.3298198386401559,250304.4754233575
2020,0,2272850,Owner,Less than 30,0.6683515418058699,0.06962059672083094,105758.05871727881
2020,0,2272850,Renter,Less than 30,0.3316484581941301,0.18502135177302442,139466.7263613726
2020,0,2272850,Owner,30 to 50,0.6683515418058699,0.07588947664114513,115280.88101313812
2020,0,2272850,Renter,30 to 50,0.3316484581941301,0.15392556756882408,116027.1223100536
2020,0,2272850,Owner,50 to 80,0.6683515418058699,0.14564238547199462,221239.9301349729
2020,0,2272850,Renter,50 to 80,0.3316484581941301,0.21814223849718523,164432.8267672936
2020,0,2272850,Owner,80 to 100,0.6683515418058699,0.0940216639028137,142824.81219749225
2020,0,2272850,Renter,80 to 100,0.3316484581941301,0.1252514285792422,94412.9234201121
2020,0,2272850,Owner,Greater than 100,0.6683515418058699,0.6148258772632156,933959.1197305891
2020,0,2272850,Renter,Greater than 100,0.3316484581941301,0.317659413581724,239447.5993476966
2021,0,2310674,Owner,Less than 30,0.6704106127113919,0.07186901113082755,111332.31188639424
2021,0,2310674,Renter,Less than 30,0.32958938728860815,0.20273450471391652,154397.25225218598
2021,0,2310674,Owner,30 to 50,0.6704106127113919,0.07633811905145992,118255.40862927366
2021,0,2310674,Renter,30 to 50,0.32958938728860815,0.15082432835056891,114863.83091506777
2021,0,2310674,Owner,50 to 80,0.6704106127113919,0.14832263268269075,229766.64548202296
2021,0,2310674,Renter,50 to 80,0.32958938728860815,0.22404327116799866,170625.44682634817
2021,0,2310674,Owner,80 to 100,0.6704106127113919,0.09539925794482981,147783.0259819531
2021,0,2310674,Renter,80 to 100,0.32958938728860815,0.10753216002772042,81893.6572264835
2021,0,2310674,Owner,Greater than 100,0.6704106127113919,0.6080709791901919,941962.9801366387
2021,0,2310674,Renter,Greater than 100,0.32958938728860815,0.3148657357397955,239793.44066363186
2022,0,2348883,Owner,Less than 30,0.6663274320499074,0.0819066153986654,128194.10597045932
2022,0,2348883,Renter,Less than 30,0.33367256795009265,0.20696407908638126,162209.7159447964
2022,0,2348883,Owner,30 to 50,0.6663274320499074,0.08615795457050453,134847.9839467185
2022,0,2348883,Renter,30 to 50,0.33367256795009265,0.16095361473059314,126148.65459257223
2022,0,2348883,Owner,50 to 80,0.6663274320499074,0.15032546363215524,235278.1679614238
2022,0,2348883,Renter,50 to 80,0.33367256795009265,0.2043605674900639,160169.19336541026
2022,0,2348883,Owner,80 to 100,0.6663274320499074,0.10616192248706491,166156.69778434333
2022,0,2348883,Renter,80 to 100,0.33367256795009265,0.11491925340846204,90068.86380604454
2022,0,2348883,Owner,Greater than 100,0.6663274320499074,0.57544804391161,900648.2219127378
2022,0,2348883,Renter,Greater than 100,0.33367256795009265,0.31280248528449967,245161.39471549407
2023,0,2390557,Owner,Less than 30,0.6559066534129218,0.08177075512064677,128215.0919165344
2023,0,2390557,Renter,Less than 30,0.34409334658707824,0.21222679076385403,174572.40112524954
2023,0,2390557,Owner,30 to 50,0.6559066534129218,0.08458813971563517,132632.70092941064
2023,0,2390557,Renter,30 to 50,0.34409334658707824,0.1509910328563712,124201.41236290864
2023,0,2390557,Owner,50 to 80,0.6559066534129218,0.15310449518613023,240065.12957060506
2023,0,2390557,Renter,50 to 80,0.34409334658707824,0.22120471364905375,181957.4138729124
2023,0,2390557,Owner,80 to 100,0.6559066534129218,0.10741373016316828,168422.8214066114
2023,0,2390557,Renter,80 to 100,0.34409334658707824,0.11816939481661491,97203.16138412617
2023,0,2390557,Owner,Greater than 100,0.6559066534129218,0.5731228798144196,898646.4978396726
2023,0,2390557,Renter,Greater than 100,0.34409334658707824,0.29740806791410607,244640.36959196927
2024,0,2429420,Owner,Less than 30,0.6602918429024967,0.07803443125117651,125177.07637318666
2024,0,2429420,Renter,Less than 30,0.33970815709750335,0.20994453479434871,173265.92102348007
2024,0,2429420,Owner,30 to 50,0.6602918429024967,0.07738902864463008,124141.76913667883
2024,0,2429420,Renter,30 to 50,0.33970815709750335,0.1423884132484506,117512.27336654054
2024,0,2429420,Owner,50 to 80,0.6602918429024967,0.14741887851518284,236478.48672526013
2024,0,2429420,Renter,50 to 80,0.33970815709750335,0.22291571878463606,183970.95863278798
2024,0,2429420,Owner,80 to 100,0.6602918429024967,0.10753959813908916,172507.08787853963
2024,0,2429420,Renter,80 to 100,0.33970815709750335,0.12294767453601793,101467.95241440902
2024,0,2429420,Owner,Greater than 100,0.6602918429024967,0.5896180634499214,945821.7888705181
2024,0,2429420,Renter,Greater than 100,0.33970815709750335,0.3018036586365467,249076.68557859902
2025,0,2461160,Owner,Less than 30,0.6608052172032458,0.08054603185151189,130995.82693450886
2025,0,2461160,Renter,Less than 30,0.33919478279675425,0.2097567527548683,175107.58676904786
2025,0,2461160,Owner,30 to 50,0.6608052172032458,0.08265963654638071,134433.28236778735
2025,0,2461160,Renter,30 to 50,0.33919478279675425,0.15126591649991947,126278.6978289281
2025,0,2461160,Owner,50 to 80,0.6608052172032458,0.15025636126899347,244369.0377309711
2025,0,2461160,Renter,50 to 80,0.33919478279675425,0.21636932671900627,180627.84704188508
2025,0,2461160,Owner,80 to 100,0.6608052172032458,0.10704375689185064,174090.33232170704
2025,0,2461160,Renter,80 to 100,0.33919478279675425,0.11875122885857546,99135.02587249337
2025,0,2461160,Owner,Greater than 100,0.6608052172032458,0.5794942134412633,942458.8890169661
2025,0,2461160,Renter,Greater than 100,0.33919478279675425,0.3038567751676305,253663.47411570526
2026,0,2483687,Owner,Less than 30,0.6608052172032458,0.08054603185151189,132194.831872568
2026,0,2483687,Renter,Less than 30,0.33919478279675425,0.2097567527548683,176710.3466900389
2026,0,2483687,Owner,30 to 50,0.6608052172032458,0.08265963654638071,135663.75033894693
2026,0,2483687,Renter,30 to 50,0.33919478279675425,0.15126591649991947,127434.52687945397
2026,0,2483687,Owner,50 to 80,0.6608052172032458,0.15025636126899347,246605.74778353394
2026,0,2483687,Renter,50 to 80,0.33919478279675425,0.21636932671900627,182281.13391080563
2026,0,2483687,Owner,80 to 100,0.6608052172032458,0.10704375689185064,175683.7813117
2026,0,2483687,Renter,80 to 100,0.33919478279675425,0.11875122885857546,100042.40886580938
2026,0,2483687,Owner,Greater than 100,0.6608052172032458,0.5794942134412633,951085.216193129
2026,0,2483687,Renter,Greater than 100,0.33919478279675425,0.3038567751676305,255985.2561540142
2027,0,2510467,Owner,Less than 30,0.6608052172032458,0.08054603185151189,133620.2037481495
2027,0,2510467,Renter,Less than 30,0.33919478279675425,0.2097567527548683,178615.7007400296
2027,0,2510467,Owner,30 to 50,0.6608052172032458,0.08265963654638071,137126.52533196216
2027,0,2510467,Renter,30 to 50,0.33919478279675425,0.15126591649991947,128808.57144699883
2027,0,2510467,Owner,50 to 80,0.6608052172032458,0.15025636126899347,249264.73900329834
2027,0,2510467,Renter,50 to 80,0.33919478279675425,0.21636932671900627,184246.55417758296
2027,0,2510467,Owner,80 to 100,0.6608052172032458,0.10704375689185064,177578.0665672605
2027,0,2510467,Renter,80 to 100,0.33919478279675425,0.11875122885857546,101121.10183695525
2027,0,2510467,Owner,Greater than 100,0.6608052172032458,0.5794942134412633,961340.1565659103
2027,0,2510467,Renter,Greater than 100,0.33919478279675425,0.3038567751676305,258745.38058185254
2028,0,2538182,Owner,Less than 30,0.6608052172032458,0.08054603185151189,135095.3412213288
2028,0,2538182,Renter,Less than 30,0.33919478279675425,0.2097567527548683,180587.57854045875
2028,0,2538182,Owner,30 to 50,0.6608052172032458,0.08265963654638071,138640.37181931903
2028,0,2538182,Renter,30 to 50,0.33919478279675425,0.15126591649991947,130230.58956460547
2028,0,2538182,Owner,50 to 80,0.6608052172032458,0.15025636126899347,252016.5665483234
2028,0,2538182,Renter,50 to 80,0.33919478279675425,0.21636932671900627,186280.5953535999
2028,0,2538182,Owner,80 to 100,0.6608052172032458,0.10704375689185064,179538.4891160977
2028,0,2538182,Renter,80 to 100,0.33919478279675425,0.11875122885857546,102237.4564185575
2028,0,2538182,Owner,Greater than 100,0.6608052172032458,0.5794942134412633,971953.1391062998
2028,0,2538182,Renter,Greater than 100,0.33919478279675425,0.3038567751676305,261601.87231140968
2029,0,2566615,Owner,Less than 30,0.6608052172032458,0.08054603185151189,136608.69441544413
2029,0,2566615,Renter,Less than 30,0.33919478279675425,0.2097567527548683,182610.5408893529
2029,0,2566615,Owner,30 to 50,0.6608052172032458,0.08265963654638071,140193.43684457673
2029,0,2566615,Renter,30 to 50,0.33919478279675425,0.15126591649991947,131689.44726397077
2029,0,2566615,Owner,50 to 80,0.6608052172032458,0.15025636126899347,254839.68444793363
2029,0,2566615,Renter,50 to 80,0.33919478279675425,0.21636932671900627,188367.33151660513
2029,0,2566615,Owner,80 to 100,0.6608052172032458,0.10704375689185064,181549.6994473655
2029,0,2566615,Renter,80 to 100,0.33919478279675425,0.11875122885857546,103382.73189460643
2029,0,2566615,Owner,Greater than 100,0.6608052172032458,0.5794942134412633,982841.0673967886
2029,0,2566615,Renter,Greater than 100,0.33919478279675425,0.3038567751676305,264532.3658833562
2030,0,2596688,Owner,Less than 30,0.6608052172032458,0.08054603185151189,138209.33699999837
2030,0,2596688,Renter,Less than 30,0.33919478279675425,0.2097567527548683,184750.18660800002
2030,0,2596688,Owner,30 to 50,0.6608052172032458,0.08265963654638071,141836.08181712893
2030,0,2596688,Renter,30 to 50,0.33919478279675425,0.15126591649991947,133232.45108323052
2030,0,2596688,Owner,50 to 80,0.6608052172032458,0.15025636126899347,257825.6382549529
2030,0,2596688,Renter,50 to 80,0.33919478279675425,0.21636932671900627,190574.4294883301
2030,0,2596688,Owner,80 to 100,0.6608052172032458,0.10704375689185064,183676.91529839137
2030,0,2596688,Renter,80 to 100,0.33919478279675425,0.11875122885857546,104594.0662381938
2030,0,2596688,Owner,Greater than 100,0.6608052172032458,0.5794942134412633,994357.0054785905
2030,0,2596688,Renter,Greater than 100,0.33919478279675425,0.3038567751676305,267631.88873318373
2031,0,2626261,Owner,Less than 30,0.6608052172032458,0.08054603185151189,139783.36696551632
2031,0,2626261,Renter,Less than 30,0.33919478279675425,0.2097567527548683,186854.25812855174
2031,0,2626261,Owner,30 to 50,0.6608052172032458,0.08265963654638071,143451.4158301401
2031,0,2626261,Renter,30 to 50,0.33919478279675425,0.15126591649991947,134749.80059764444
2031,0,2626261,Owner,50 to 80,0.6608052172032458,0.15025636126899347,260761.9469682499
2031,0,2626261,Renter,50 to 80,0.33919478279675425,0.21636932671900627,192744.83178666487
2031,0,2626261,Owner,80 to 100,0.6608052172032458,0.10704375689185064,185768.76361290558
2031,0,2626261,Renter,80 to 100,0.33919478279675425,0.11875122885857546,105785.2606831414
2031,0,2626261,Owner,Greater than 100,0.6608052172032458,0.5794942134412633,1005681.4771606018
2031,0,2626261,Renter,Greater than 100,0.33919478279675425,0.3038567751676305,270679.8782665841
2032,0,2656014,Owner,Less than 30,0.6608052172032458,0.08054603185151189,141366.97747388735
2032,0,2656014,Renter,Less than 30,0.33919478279675425,0.2097567527548683,188971.1363604178
2032,0,2656014,Owner,30 to 50,0.6608052172032458,0.08265963654638071,145076.581788586
2032,0,2656014,Renter,30 to 50,0.33919478279675425,0.15126591649991947,136276.38566180284
2032,0,2656014,Owner,50 to 80,0.6608052172032458,0.15025636126899347,263716.12791528687
2032,0,2656014,Renter,50 to 80,0.33919478279675425,0.21636932671900627,194928.44452742013
2032,0,2656014,Owner,80 to 100,0.6608052172032458,0.10704375689185064,187873.34424056395
2032,0,2656014,Renter,80 to 100,0.33919478279675425,0.11875122885857546,106983.70549159932
2032,0,2656014,Owner,Greater than 100,0.6608052172032458,0.5794942134412633,1017074.8767465374
2032,0,2656014,Renter,Greater than 100,0.33919478279675425,0.3038567751676305,273746.4197938983
2033,0,2684521,Owner,Less than 30,0.6608052172032458,0.08054603185151189,142884.26933562005
2033,0,2684521,Renter,Less than 30,0.33919478279675425,0.2097567527548683,190999.3636906301
2033,0,2684521,Owner,30 to 50,0.6608052172032458,0.08265963654638071,146633.6888358558
2033,0,2684521,Renter,30 to 50,0.33919478279675425,0.15126591649991947,137739.04019828534
2033,0,2684521,Owner,50 to 80,0.6608052172032458,0.15025636126899347,266546.59328876797
2033,0,2684521,Renter,50 to 80,0.33919478279675425,0.21636932671900627,197020.6116500871
2033,0,2684521,Owner,80 to 100,0.6608052172032458,0.10704375689185064,189889.7889672355
2033,0,2684521,Renter,80 to 100,0.33919478279675425,0.11875122885857546,108131.96167264695
2033,0,2684521,Owner,Greater than 100,0.6608052172032458,0.5794942134412633,1027991.1420641952
2033,0,2684521,Renter,Greater than 100,0.33919478279675425,0.3038567751676305,276684.54029667604
2034,0,2711437,Owner,Less than 30,0.6608052172032458,0.08054603185151189,144316.87984357943
2034,0,2711437,Renter,Less than 30,0.33919478279675425,0.2097567527548683,192914.39392250273
2034,0,2711437,Owner,30 to 50,0.6608052172032458,0.08265963654638071,148103.89240986618
2034,0,2711437,Renter,30 to 50,0.33919478279675425,0.15126591649991947,139120.06273674825
2034,0,2711437,Owner,50 to 80,0.6608052172032458,0.15025636126899347,269219.0879740249
2034,0,2711437,Renter,50 to 80,0.33919478279675425,0.21636932671900627,198996.01314002654
2034,0,2711437,Owner,80 to 100,0.6608052172032458,0.10704375689185064,191793.69419272718
2034,0,2711437,Renter,80 to 100,0.33919478279675425,0.11875122885857546,109216.13269622283
2034,0,2711437,Owner,Greater than 100,0.6608052172032458,0.5794942134412633,1038298.1612977197
2034,0,2711437,Renter,Greater than 100,0.33919478279675425,0.3038567751676305,279458.6817865826
2035,0,2736685,Owner,Less than 30,0.6608052172032458,0.08054603185151189,145660.71065443385
2035,0,2736685,Renter,Less than 30,0.33919478279675425,0.2097567527548683,194710.74862952906
2035,0,2736685,Owner,30 to 50,0.6608052172032458,0.08265963654638071,149482.9866228478
2035,0,2736685,Renter,30 to 50,0.33919478279675425,0.15126591649991947,140415.50251424537
2035,0,2736685,Owner,50 to 80,0.6608052172032458,0.15025636126899347,271725.9666266243
2035,0,2736685,Renter,50 to 80,0.33919478279675425,0.21636932671900627,200848.9978635364
2035,0,2736685,Owner,80 to 100,0.6608052172032458,0.10704375689185064,193579.6133164162
2035,0,2736685,Renter,80 to 100,0.33919478279675425,0.11875122885857546,110233.11701793647
2035,0,2736685,Owner,Greater than 100,0.6608052172032458,0.5794942134412633,1047966.4486215427
2035,0,2736685,Renter,Greater than 100,0.33919478279675425,0.3038567751676305,282060.9081328881
2036,0,2760846,Owner,Less than 30,0.6608052172032458,0.08054603185151189,146946.68563150347
2036,0,2760846,Renter,Less than 30,0.33919478279675425,0.2097567527548683,196429.76502989596
2036,0,2760846,Owner,30 to 50,0.6608052172032458,0.08265963654638071,150802.70680978734
2036,0,2760846,Renter,30 to 50,0.33919478279675425,0.15126591649991947,141655.16983300753
2036,0,2760846,Owner,50 to 80,0.6608052172032458,0.15025636126899347,274124.9168454715
2036,0,2760846,Renter,50 to 80,0.33919478279675425,0.21636932671900627,202622.20619309603
2036,0,2760846,Owner,80 to 100,0.6608052172032458,0.10704375689185064,195288.64341572902
2036,0,2760846,Renter,80 to 100,0.33919478279675425,0.11875122885857546,111206.31720000724
2036,0,2760846,Owner,Greater than 100,0.6608052172032458,0.5794942134412633,1057218.487992221
2036,0,2760846,Renter,Greater than 100,0.33919478279675425,0.3038567751676305,284551.101049281
2037,0,2784295,Owner,Less than 30,0.6608052172032458,0.08054603185151189,148194.76423906547
2037,0,2784295,Renter,Less than 30,0.33919478279675425,0.2097567527548683,198098.12377217496
2037,0,2784295,Owner,30 to 50,0.6608052172032458,0.08265963654638071,152083.5361903405
2037,0,2784295,Renter,30 to 50,0.33919478279675425,0.15126591649991947,142858.3054216692
2037,0,2784295,Owner,50 to 80,0.6608052172032458,0.15025636126899347,276453.17245085817
2037,0,2784295,Renter,50 to 80,0.33919478279675425,0.21636932671900627,204343.15988374807
2037,0,2784295,Owner,80 to 100,0.6608052172032458,0.10704375689185064,196947.31014304934
2037,0,2784295,Renter,80 to 100,0.33919478279675425,0.11875122885857546,112150.838166415
2037,0,2784295,Owner,Greater than 100,0.6608052172032458,0.5794942134412633,1066197.8792095978
2037,0,2784295,Renter,Greater than 100,0.33919478279675425,0.3038567751676305,286967.91052308166
2038,0,2807334,Owner,Less than 30,0.6608052172032458,0.08054603185151189,149421.02049901776
2038,0,2807334,Renter,Less than 30,0.33919478279675425,0.2097567527548683,199737.31167201573
2038,0,2807334,Owner,30 to 50,0.6608052172032458,0.08265963654638071,153341.97058407008
2038,0,2807334,Renter,30 to 50,0.33919478279675425,0.15126591649991947,144040.40448035725
2038,0,2807334,Owner,50 to 80,0.6608052172032458,0.15025636126899347,278740.7190793927
2038,0,2807334,Renter,50 to 80,0.33919478279675425,0.21636932671900627,206034.02312222018
2038,0,2807334,Owner,80 to 100,0.6608052172032458,0.10704375689185064,198576.9754904302
2038,0,2807334,Renter,80 to 100,0.33919478279675425,0.11875122885857546,113078.84441593813
2038,0,2807334,Owner,Greater than 100,0.6608052172032458,0.5794942134412633,1075020.2679791462
2038,0,2807334,Renter,Greater than 100,0.33919478279675425,0.3038567751676305,289342.462677412
2039,0,2828815,Owner,Less than 30,0.6608052172032458,0.08054603185151189,150564.35183805306
2039,0,2828815,Renter,Less than 30,0.33919478279675425,0.2097567527548683,201265.65037059117
2039,0,2828815,Owner,30 to 50,0.6608052172032458,0.08265963654638071,154515.30402786995
2039,0,2828815,Renter,30 to 50,0.33919478279675425,0.15126591649991947,145142.56472514558
2039,0,2828815,Owner,50 to 80,0.6608052172032458,0.15025636126899347,280873.5715958885
2039,0,2828815,Renter,50 to 80,0.33919478279675425,0.21636932671900627,207610.54264240852
2039,0,2828815,Owner,80 to 100,0.6608052172032458,0.10704375689185064,200096.43559404093
2039,0,2828815,Renter,80 to 100,0.33919478279675425,0.11875122885857546,113944.09474129976
2039,0,2828815,Owner,Greater than 100,0.6608052172032458,0.5794942134412633,1083246.0474469473
2039,0,2828815,Renter,Greater than 100,0.33919478279675425,0.3038567751676305,291556.43701775535
2040,0,2849327,Owner,Less than 30,0.6608052172032458,0.08054603185151189,151656.10792139615
2040,0,2849327,Renter,Less than 30,0.33919478279675425,0.2097567527548683,202725.04627325767
2040,0,2849327,Owner,30 to 50,0.6608052172032458,0.08265963654638071,155635.70883207934
2040,0,2849327,Renter,30 to 50,0.33919478279675425,0.15126591649991947,146195.0069271426
2040,0,2849327,Owner,50 to 80,0.6608052172032458,0.15025636126899347,282910.2119207506
2040,0,2849327,Renter,50 to 80,0.33919478279675425,0.21636932671900627,209115.9459475667
2040,0,2849327,Owner,80 to 100,0.6608052172032458,0.10704375689185064,201547.3534118922
2040,0,2849327,Renter,80 to 100,0.33919478279675425,0.11875122885857546,114770.31394309753
2040,0,2849327,Owner,Greater than 100,0.6608052172032458,0.5794942134412633,1091100.7650319545
2040,0,2849327,Renter,Greater than 100,0.33919478279675425,0.3038567751676305,293670.5397908629
2041,0,2873797,Owner,Less than 30,0.6608052172032458,0.08054603185151189,152958.52949703016
2041,0,2873797,Renter,Less than 30,0.33919478279675425,0.2097567527548683,204466.04752804752
2041,0,2873797,Owner,30 to 50,0.6608052172032458,0.08265963654638071,156972.30719201523
2041,0,2873797,Renter,30 to 50,0.33919478279675425,0.15126591649991947,147450.52860629951
2041,0,2873797,Owner,50 to 80,0.6608052172032458,0.15025636126899347,285339.8428075182
2041,0,2873797,Renter,50 to 80,0.33919478279675425,0.21636932671900627,210911.83220328146
2041,0,2873797,Owner,80 to 100,0.6608052172032458,0.10704375689185064,203278.2406487692
2041,0,2873797,Renter,80 to 100,0.33919478279675425,0.11875122885857546,115755.96058252768
2041,0,2873797,Owner,Greater than 100,0.6608052172032458,0.5794942134412633,1100471.1306377035
2041,0,2873797,Renter,Greater than 100,0.33919478279675425,0.3038567751676305,296192.5802968078
2042,0,2897647,Owner,Less than 30,0.6608052172032458,0.08054603185151189,154227.95142505923
2042,0,2897647,Renter,Less than 30,0.33919478279675425,0.2097567527548683,206162.93677719907
2042,0,2897647,Owner,30 to 50,0.6608052172032458,0.08265963654638071,158275.03996212027
2042,0,2897647,Renter,30 to 50,0.33919478279675425,0.15126591649991947,148674.23894744756
2042,0,2897647,Owner,50 to 80,0.6608052172032458,0.15025636126899347,287707.9137780702
2042,0,2897647,Renter,50 to 80,0.33919478279675425,0.21636932671900627,212662.21582399242
2042,0,2897647,Owner,80 to 100,0.6608052172032458,0.10704375689185064,204965.2721403718
2042,0,2897647,Renter,80 to 100,0.33919478279675425,0.11875122885857546,116716.63374764452
2042,0,2897647,Owner,Greater than 100,0.6608052172032458,0.5794942134412633,1109604.0779077122
2042,0,2897647,Renter,Greater than 100,0.33919478279675425,0.3038567751676305,298650.719490383
2043,0,2920798,Owner,Less than 30,0.6608052172032458,0.08054603185151189,155460.16891167563
2043,0,2920798,Renter,Less than 30,0.33919478279675425,0.2097567527548683,207810.0932974132
2043,0,2920798,Owner,30 to 50,0.6608052172032458,0.08265963654638071,159539.592010787
2043,0,2920798,Renter,30 to 50,0.33919478279675425,0.15126591649991947,149862.08457042108
2043,0,2920798,Owner,50 to 80,0.6608052172032458,0.15025636126899347,290006.5809075984
2043,0,2920798,Renter,50 to 80,0.33919478279675425,0.21636932671900627,214361.2988933039
2043,0,2920798,Owner,80 to 100,0.6608052172032458,0.10704375689185064,206602.85981593124
2043,0,2920798,Renter,80 to 100,0.33919478279675425,0.11875122885857546,117649.15133446296
2043,0,2920798,Owner,Greater than 100,0.6608052172032458,0.5794942134412633,1118469.3551508137
2043,0,2920798,Renter,Greater than 100,0.33919478279675425,0.3038567751676305,301036.815107593
2044,0,2943693,Owner,Less than 30,0.6608052172032458,0.08054603185151189,156678.76073734547
2044,0,2943693,Renter,Less than 30,0.33919478279675425,0.2097567527548683,209439.03582820247
2044,0,2943693,Owner,30 to 50,0.6608052172032458,0.08265963654638071,160790.16084816877
2044,0,2943693,Renter,30 to 50,0.33919478279675425,0.15126591649991947,151036.79518931353
2044,0,2943693,Owner,50 to 80,0.6608052172032458,0.15025636126899347,292279.82974914083
2044,0,2943693,Renter,50 to 80,0.33919478279675425,0.21636932671900627,216041.59377783965
2044,0,2943693,Owner,80 to 100,0.6608052172032458,0.10704375689185064,208222.33931279674
2044,0,2943693,Renter,80 to 100,0.33919478279675425,0.11875122885857546,118571.35729317786
2044,0,2943693,Owner,Greater than 100,0.6608052172032458,0.5794942134412633,1127236.6015972225
2044,0,2943693,Renter,Greater than 100,0.33919478279675425,0.3038567751676305,303396.5256667924
2045,0,2966687,Owner,Less than 30,0.6608052172032458,0.08054603185151189,157902.62186158448
2045,0,2966687,Renter,Less than 30,0.33919478279675425,0.2097567527548683,211075.02205021464
2045,0,2966687,Owner,30 to 50,0.6608052172032458,0.08265963654638071,162046.13725553965
2045,0,2966687,Renter,30 to 50,0.33919478279675425,0.15126591649991947,152216.58536056543
2045,0,2966687,Owner,50 to 80,0.6608052172032458,0.15025636126899347,294562.9083192403
2045,0,2966687,Renter,50 to 80,0.33919478279675425,0.21636932671900627,217729.15440570662
2045,0,2966687,Owner,80 to 100,0.6608052172032458,0.10704375689185064,209848.8215818915
2045,0,2966687,Renter,80 to 100,0.33919478279675425,0.11875122885857546,119497.55095182342
2045,0,2966687,Owner,Greater than 100,0.6608052172032458,0.5794942134412633,1136041.7583907899
2045,0,2966687,Renter,Greater than 100,0.33919478279675425,0.3038567751676305,305766.4398226443
2046,0,2989579,Owner,Less than 30,0.6608052172032458,0.08054603185151189,159121.0540115401
2046,0,2989579,Renter,Less than 30,0.33919478279675425,0.2097567527548683,212703.75113581534
2046,0,2989579,Owner,30 to 50,0.6608052172032458,0.08265963654638071,163296.54222716414
2046,0,2989579,Renter,30 to 50,0.33919478279675425,0.15126591649991947,153391.14205362878
2046,0,2989579,Owner,50 to 80,0.6608052172032458,0.15025636126899347,296835.85929022037
2046,0,2989579,Renter,50 to 80,0.33919478279675425,0.21636932671900627,219409.229116202
2046,0,2989579,Owner,80 to 100,0.6608052172032458,0.10704375689185064,211468.08887353796
2046,0,2989579,Renter,80 to 100,0.33919478279675425,0.11875122885857546,120419.63607114647
2046,0,2989579,Owner,Greater than 100,0.6608052172032458,0.5794942134412633,1144807.8560387997
2046,0,2989579,Renter,Greater than 100,0.33919478279675425,0.3038567751676305,308125.8411819451
2047,0,3012523,Owner,Less than 30,0.6608052172032458,0.08054603185151189,160342.2538738755
2047,0,3012523,Renter,Less than 30,0.33919478279675425,0.2097567527548683,214336.17993801797
2047,0,3012523,Owner,30 to 50,0.6608052172032458,0.08265963654638071,164549.78753858095
2047,0,3012523,Renter,30 to 50,0.33919478279675425,0.15126591649991947,154568.36679439613
2047,0,3012523,Owner,50 to 80,0.6608052172032458,0.15025636126899347,299113.9733509476
2047,0,3012523,Renter,50 to 80,0.33919478279675425,0.21636932671900627,221093.12017672998
2047,0,3012523,Owner,80 to 100,0.6608052172032458,0.10704375689185064,213091.03438898158
2047,0,3012523,Renter,80 to 100,0.33919478279675425,0.11875122885857546,121343.81573992805
2047,0,3012523,Owner,Greater than 100,0.6608052172032458,0.5794942134412633,1153593.866192388
2047,0,3012523,Renter,Greater than 100,0.33919478279675425,0.3038567751676305,310490.6020061543
2048,0,3035176,Owner,Less than 30,0.6608052172032458,0.08054603185151189,161547.9651919318
2048,0,3035176,Renter,Less than 30,0.33919478279675425,0.2097567527548683,215947.90455692908
2048,0,3035176,Owner,30 to 50,0.6608052172032458,0.08265963654638071,165787.13787154484
2048,0,3035176,Renter,30 to 50,0.33919478279675425,0.15126591649991947,155730.66072974316
2048,0,3035176,Owner,50 to 80,0.6608052172032458,0.15025636126899347,301363.19396712846
2048,0,3035176,Renter,50 to 80,0.33919478279675425,0.21636932671900627,222755.65435534486
2048,0,3035176,Owner,80 to 100,0.6608052172032458,0.10704375689185064,214693.39599817546
2048,0,3035176,Renter,80 to 100,0.33919478279675425,0.11875122885857546,122256.2739877013
2048,0,3035176,Owner,Greater than 100,0.6608052172032458,0.5794942134412633,1162268.4429012982
2048,0,3035176,Renter,Greater than 100,0.33919478279675425,0.3038567751676305,312825.37044020294
2049,0,3058150,Owner,Less than 30,0.6608052172032458,0.08054603185151189,162770.76181140938
2049,0,3058150,Renter,Less than 30,0.33919478279675425,0.2097567527548683,217582.46781101747
2049,0,3058150,Owner,30 to 50,0.6608052172032458,0.08265963654638071,167042.0218405341
2049,0,3058150,Renter,30 to 50,0.33919478279675425,0.15126591649991947,156909.42472880127
2049,0,3058150,Owner,50 to 80,0.6608052172032458,0.15025636126899347,303644.286733479
2049,0,3058150,Renter,50 to 80,0.33919478279675425,0.21636932671900627,224441.74715627625
2049,0,3058150,Owner,80 to 100,0.6608052172032458,0.10704375689185064,216318.4635658098
2049,0,3058150,Renter,80 to 100,0.33919478279675425,0.11875122885857546,123181.66205040127
2049,0,3058150,Owner,Greater than 100,0.6608052172032458,0.5794942134412633,1171065.941038874
2049,0,3058150,Renter,Greater than 100,0.33919478279675425,0.3038567751676305,315193.22326339775
2050,0,3080777,Owner,Less than 30,0.6608052172032458,0.08054603185151189,163975.08927327578
2050,0,3080777,Renter,Less than 30,0.33919478279675425,0.2097567527548683,219192.34257162758
2050,0,3080777,Owner,30 to 50,0.6608052172032458,0.08265963654638071,168277.95200360188
2050,0,3080777,Renter,30 to 50,0.33919478279675425,0.15126591649991947,158070.3846402963
2050,0,3080777,Owner,50 to 80,0.6608052172032458,0.15025636126899347,305890.9258047863
2050,0,3080777,Renter,50 to 80,0.33919478279675425,0.21636932671900627,226102.37315987484
2050,0,3080777,Owner,80 to 100,0.6608052172032458,0.10704375689185064,217918.98606310508
2050,0,3080777,Renter,80 to 100,0.33919478279675425,0.11875122885857546,124093.07302344523
2050,0,3080777,Owner,Greater than 100,0.6608052172032458,0.5794942134412633,1179730.561494995
2050,0,3080777,Renter,Greater than 100,0.33919478279675425,0.3038567751676305,317525.31196499214
2010,3,1634863,Owner,Less than 30,0.6443722570669944,0.06559904640998555,69105.99513234769
2010,3,1634863,Renter,Less than 30,0.35562774293300564,0.2601431436106887,151247.9101335841
2010,3,1634863,Owner,30 to 50,0.6443722570669944,0.08018199614299974,84468.5546269861
2010,3,1634863,Renter,30 to 50,0.35562774293300564,0.19396029485617158,112769.0272313768
2010,3,1634863,Owner,50 to 80,0.6443722570669944,0.14690906976518814,154762.8817138632
2010,3,1634863,Renter,50 to 80,0.35562774293300564,0.21989190480036805,127845.73367853388
2010,3,1634863,Owner,80 to 100,0.6443722570669944,0.10435899175299693,109938.0611575708
2010,3,1634863,Renter,80 to 100,0.35562774293300564,0.10008990373978487,58192.53414100768
2010,3,1634863,Owner,Greater than 100,0.6443722570669944,0.6029508959288297,635184.8686745499
2010,3,1634863,Renter,Greater than 100,0.35562774293300564,0.2259147529929868,131347.43351017992
2011,3,1662520,Owner,Less than 30,0.6339187191766845,0.06190338273914592,65240.13286085648
2011,3,1662520,Renter,Less than 30,0.36608128082331554,0.24978778416166697,152025.20448600774
2011,3,1662520,Owner,30 to 50,0.6339187191766845,0.07425646665596881,78259.07948887648
2011,3,1662520,Renter,30 to 50,0.36608128082331554,0.18229382871259114,110947.20536306307
2011,3,1662520,Owner,50 to 80,0.6339187191766845,0.14444938024211065,152235.57003944268
2011,3,1662520,Renter,50 to 80,0.36608128082331554,0.22256824370002762,135458.91715300645
2011,3,1662520,Owner,80 to 100,0.6339187191766845,0.10283636591351178,108379.50816672487
2011,3,1662520,Renter,80 to 100,0.36608128082331554,0.09751931968939395,59351.95977206486
2011,3,1662520,Owner,Greater than 100,0.6339187191766845,0.6165544044492628,649788.258449721
2011,3,1662520,Renter,Greater than 100,0.36608128082331554,0.24783082373632034,150834.16422023642
2012,3,1689410,Owner,Less than 30,0.6297586297489665,0.06048377042482877,64349.92488623014
2012,3,1689410,Renter,Less than 30,0.37024137025103354,0.25001753587513803,156383.33683425386
2012,3,1689410,Owner,30 to 50,0.6297586297489665,0.07923845765810002,84303.42160524956
2012,3,1689410,Renter,30 to 50,0.37024137025103354,0.188160755853312,117692.57207739068
2012,3,1689410,Owner,50 to 80,0.6297586297489665,0.14853087004639762,158025.041488626
2012,3,1689410,Renter,50 to 80,0.37024137025103354,0.21137336080348565,132211.8121219625
2012,3,1689410,Owner,80 to 100,0.6297586297489665,0.11067624668417206,117750.73066365493
2012,3,1689410,Renter,80 to 100,0.37024137025103354,0.10720373750670849,67054.80931055621
2012,3,1689410,Owner,Greater than 100,0.6297586297489665,0.6010706551865015,639491.4080404406
2012,3,1689410,Renter,Greater than 100,0.37024137025103354,0.24324460996135583,152146.94297163532
2013,3,1717132,Owner,Less than 30,0.6393459170283637,0.06613411606003479,72604.76614526934
2013,3,1717132,Renter,Less than 30,0.3606540829716362,0.23805762151044074,147426.86316232083
2013,3,1717132,Owner,30 to 50,0.6393459170283637,0.080538392408398,88418.3760953196
2013,3,1717132,Renter,30 to 50,0.3606540829716362,0.1920352677957793,118925.64904260509
2013,3,1717132,Owner,50 to 80,0.6393459170283637,0.13352191516433337,146585.8773552619
2013,3,1717132,Renter,50 to 80,0.3606540829716362,0.22828511667883883,141374.8421288396
2013,3,1717132,Owner,80 to 100,0.6393459170283637,0.1121812777104123,123157.24348153805
2013,3,1717132,Renter,80 to 100,0.3606540829716362,0.10350144161421046,64097.476792155205
2013,3,1717132,Owner,Greater than 100,0.6393459170283637,0.6076242986568215,667075.0701213594
2013,3,1717132,Renter,Greater than 100,0.3606540829716362,0.23812055240073066,147465.83567533086
2014,3,1745834,Owner,Less than 30,0.6306888728654086,0.059772384202972914,65814.06189596854
2014,3,1745834,Renter,Less than 30,0.36931112713459135,0.23833379366394594,153667.12495617967
2014,3,1745834,Owner,30 to 50,0.6306888728654086,0.0810244569864888,89214.25334294743
2014,3,1745834,Renter,30 to 50,0.36931112713459135,0.18065119320869485,116475.9266972676
2014,3,1745834,Owner,50 to 80,0.6306888728654086,0.14923297714918837,164317.15960441547
2014,3,1745834,Renter,50 to 80,0.36931112713459135,0.22265239324298156,143556.44916433643
2014,3,1745834,Owner,80 to 100,0.6306888728654086,0.10302849473159777,113442.4169243125
2014,3,1745834,Renter,80 to 100,0.36931112713459135,0.10311088253315175,66481.35216991142
2014,3,1745834,Owner,Greater than 100,0.6306888728654086,0.6069416869297521,668290.1859024639
2014,3,1745834,Renter,Greater than 100,0.36931112713459135,0.2552517373512259,164575.06934219706
2015,3,1781260,Owner,Less than 30,0.6312525494154493,0.06384371064016209,71787.45898465856
2015,3,1781260,Renter,Less than 30,0.3687474505845507,0.21453146092695366,140911.7901217497
2015,3,1781260,Owner,30 to 50,0.6312525494154493,0.07717083766861983,86772.8126764426
2015,3,1781260,Renter,30 to 50,0.3687474505845507,0.17883480825958703,117464.9762745925
2015,3,1781260,Owner,50 to 80,0.6312525494154493,0.1529562090429513,171987.77253107118
2015,3,1781260,Renter,50 to 80,0.3687474505845507,0.2329899130043498,153035.9490393457
2015,3,1781260,Owner,80 to 100,0.6312525494154493,0.10360513297920888,116496.19296511132
2015,3,1781260,Renter,80 to 100,0.3687474505845507,0.10852269886505675,71281.51600629605
2015,3,1781260,Owner,Greater than 100,0.6312525494154493,0.6024241096690579,677380.6790144795
2015,3,1781260,Renter,Greater than 100,0.3687474505845507,0.2651211189440528,174140.85238625287
2016,3,1810086,Owner,Less than 30,0.6428281870739602,0.061197580179272765,71207.93163065768
2016,3,1810086,Renter,Less than 30,0.3571718129260398,0.22432496785561218,145028.71591072093
2016,3,1810086,Owner,30 to 50,0.6428281870739602,0.08248434692799367,95976.66638847516
2016,3,1810086,Renter,30 to 50,0.3571718129260398,0.1679270441449593,108566.79847916937
2016,3,1810086,Owner,50 to 80,0.6428281870739602,0.14478352941383998,168466.39415389622
2016,3,1810086,Renter,50 to 80,0.3571718129260398,0.23319681889613791,150764.47139286064
2016,3,1810086,Owner,80 to 100,0.6428281870739602,0.10650351075098584,123924.74816430458
2016,3,1810086,Renter,80 to 100,0.3571718129260398,0.11354032731717384,73405.14982483574
2016,3,1810086,Owner,Greater than 100,0.6428281870739602,0.6050310327279077,703998.5614906226
2016,3,1810086,Renter,Greater than 100,0.3571718129260398,0.2610108417861168,168746.56256445698
2017,3,1832750,Owner,Less than 30,0.6477866293639519,0.07239266550486648,85946.81267600686
2017,3,1832750,Renter,Less than 30,0.3522133706360481,0.21210705593024673,136919.1463099706
2017,3,1832750,Owner,30 to 50,0.6477866293639519,0.07949003630051592,94373.03091250538
2017,3,1832750,Renter,30 to 50,0.3522133706360481,0.1761599282957736,113714.59044820705
2017,3,1832750,Owner,50 to 80,0.6477866293639519,0.14735374749443783,174942.92888221814
2017,3,1832750,Renter,50 to 80,0.3522133706360481,0.22638930897585524,146138.61279971708
2017,3,1832750,Owner,80 to 100,0.6477866293639519,0.1110816451641789,131879.56655673299
2017,3,1832750,Renter,80 to 100,0.3522133706360481,0.11947590038053281,77123.97031288432
2017,3,1832750,Owner,Greater than 100,0.6477866293639519,0.5896819055360009,700088.6059393195
2017,3,1832750,Renter,Greater than 100,0.3522133706360481,0.2658678064175916,171622.735162438
2018,3,1858883,Owner,Less than 30,0.6411424031056892,0.06831553798986914,81419.05345827057
2018,3,1858883,Renter,Less than 30,0.35885759689431085,0.20975353479978986,139921.18952288938
2018,3,1858883,Owner,30 to 50,0.6411424031056892,0.0829842309419926,98901.32953738171
2018,3,1858883,Renter,30 to 50,0.35885759689431085,0.180893426833261,120669.35359893156
2018,3,1858883,Owner,50 to 80,0.6411424031056892,0.14980477256707242,178538.63330112814
2018,3,1858883,Renter,50 to 80,0.35885759689431085,0.21507724403633402,143472.49906226026
2018,3,1858883,Owner,80 to 100,0.6411424031056892,0.10392696508066929,123861.06257281691
2018,3,1858883,Renter,80 to 100,0.35885759689431085,0.12147833436122342,81035.07319343014
2018,3,1858883,Owner,Greater than 100,0.6411424031056892,0.5949684934203966,709088.6348427155
2018,3,1858883,Renter,Greater than 100,0.35885759689431085,0.2727974599693917,181976.1709101759
2019,3,1878213,Owner,Less than 30,0.6495043658171813,0.07003172292022163,85432.22707009912
2019,3,1878213,Renter,Less than 30,0.3504956341828187,0.21658425663095565,142578.59794632214
2019,3,1878213,Owner,30 to 50,0.6495043658171813,0.08396526620240738,102429.86162680981
2019,3,1878213,Renter,30 to 50,0.3504956341828187,0.155822116411806,102578.5494874631
2019,3,1878213,Owner,50 to 80,0.6495043658171813,0.14973597174914186,182664.04146028613
2019,3,1878213,Renter,50 to 80,0.3504956341828187,0.2319232060556115,152676.31205055403
2019,3,1878213,Owner,80 to 100,0.6495043658171813,0.1045011628443238,127481.75685147662
2019,3,1878213,Renter,80 to 100,0.3504956341828187,0.1243826877880536,81881.80207314802
2019,3,1878213,Owner,Greater than 100,0.6495043658171813,0.5917658762839053,721899.6564259137
2019,3,1878213,Renter,Greater than 100,0.3504956341828187,0.27128773311357324,178590.19500792713
2020,3,1905431,Owner,Less than 30,0.6559034145020133,0.07511668228985716,93879.2294652627
2020,3,1905431,Renter,Less than 30,0.3440965854979867,0.21519764339845435,141094.83006440752
2020,3,1905431,Owner,30 to 50,0.6559034145020133,0.08292144922026076,103633.46092552503
2020,3,1905431,Renter,30 to 50,0.3440965854979867,0.16107452783626242,105608.88480865846
2020,3,1905431,Owner,50 to 80,0.6559034145020133,0.1578013254583713,197216.735231521
2020,3,1905431,Renter,50 to 80,0.3440965854979867,0.2363161544661098,154941.2304396523
2020,3,1905431,Owner,80 to 100,0.6559034145020133,0.10769840905664335,134599.17755496458
2020,3,1905431,Renter,80 to 100,0.3440965854979867,0.1300519801825554,85268.88005656081
2020,3,1905431,Owner,Greater than 100,0.6559034145020133,0.5764621339748675,720450.0958207123
2020,3,1905431,Renter,Greater than 100,0.3440965854979867,0.257359694116618,168738.47563273518
2021,3,1939166,Owner,Less than 30,0.6593988748169651,0.07578495287205056,96904.99746910886
2021,3,1939166,Renter,Less than 30,0.3406011251830349,0.21623130078786718,142816.90828268297
2021,3,1939166,Owner,30 to 50,0.6593988748169651,0.0787442312382297,100688.97900788656
2021,3,1939166,Renter,30 to 50,0.3406011251830349,0.1668383793739601,110193.76675931872
2021,3,1939166,Owner,50 to 80,0.6593988748169651,0.1610570498690609,205941.05318365144
2021,3,1939166,Renter,50 to 80,0.3406011251830349,0.22983607595986902,151802.61905104428
2021,3,1939166,Owner,80 to 100,0.6593988748169651,0.10460168565108409,133752.48910422073
2021,3,1939166,Renter,80 to 100,0.3406011251830349,0.10960902298737873,72394.80004007502
2021,3,1939166,Owner,Greater than 100,0.6593988748169651,0.5798120803695748,741396.3597184474
2021,3,1939166,Renter,Greater than 100,0.3406011251830349,0.277485220890925,183274.02738356413
2022,3,1972154,Owner,Less than 30,0.6522225831790327,0.07360066369975604,94671.3102021481
2022,3,1972154,Renter,Less than 30,0.3477774168209673,0.20511878768598985,140684.95084137018
2022,3,1972154,Owner,30 to 50,0.6522225831790327,0.08271111481203912,106389.9320185342
2022,3,1972154,Renter,30 to 50,0.3477774168209673,0.16409907890741357,112550.7375976972
2022,3,1972154,Owner,50 to 80,0.6522225831790327,0.15564329839040472,200201.3873531462
2022,3,1972154,Renter,50 to 80,0.3477774168209673,0.21969142675361858,150679.8958875397
2022,3,1972154,Owner,80 to 100,0.6522225831790327,0.10367532992231135,133355.85341219848
2022,3,1972154,Renter,80 to 100,0.3477774168209673,0.10871350694795899,74563.40081426491
2022,3,1972154,Owner,Greater than 100,0.6522225831790327,0.5843695931754888,751664.8933208351
2022,3,1972154,Renter,Greater than 100,0.3477774168209673,0.30237719970501903,207391.6385522659
2023,3,2008915,Owner,Less than 30,0.6433744090077065,0.0762263773930018,98521.41133805305
2023,3,2008915,Renter,Less than 30,0.3566255909922935,0.21500410395199485,154035.497508957
2023,3,2008915,Owner,30 to 50,0.6433744090077065,0.08204643441772531,106043.74483669775
2023,3,2008915,Renter,30 to 50,0.3566255909922935,0.1495599343367681,107149.29840648404
2023,3,2008915,Owner,50 to 80,0.6433744090077065,0.15421037665521561,199314.5217004558
2023,3,2008915,Renter,50 to 80,0.3566255909922935,0.23410550484155418,167720.3236823134
2023,3,2008915,Owner,80 to 100,0.6433744090077065,0.10455121849998847,135130.8294584874
2023,3,2008915,Renter,80 to 100,0.3566255909922935,0.11540839868229866,82682.09667155515
2023,3,2008915,Owner,Greater than 100,0.6433744090077065,0.5829655930340688,753473.9935380227
2023,3,2008915,Renter,Greater than 100,0.3566255909922935,0.28592205818738425,204843.28285897378
2024,3,2044114,Owner,Less than 30,0.6445087588934572,0.07608955947713797,100244.14274280795
2024,3,2044114,Renter,Less than 30,0.3554912411065429,0.21423432058008768,155676.50176012673
2024,3,2044114,Owner,30 to 50,0.6445087588934572,0.07907166234161343,104172.91230428813
2024,3,2044114,Renter,30 to 50,0.3554912411065429,0.14844881703782284,107872.50364134864
2024,3,2044114,Owner,50 to 80,0.6445087588934572,0.15716284540808872,207054.0927982108
2024,3,2044114,Renter,50 to 80,0.3554912411065429,0.2417573565652387,175676.5183232275
2024,3,2044114,Owner,80 to 100,0.6445087588934572,0.11386286242716064,150008.55718822364
2024,3,2044114,Renter,80 to 100,0.3554912411065429,0.12137905988332166,88201.8687687558
2024,3,2044114,Owner,Greater than 100,0.6445087588934572,0.5738130703459993,755969.6721432097
2024,3,2044114,Renter,Greater than 100,0.3554912411065429,0.27418044593352914,199237.23032980112
2025,3,2072262,Owner,Less than 30,0.6466573914109067,0.07531270344699705,100922.30167684259
2025,3,2072262,Renter,Less than 30,0.3533426085890933,0.2115545524170185,154904.14873757094
2025,3,2072262,Owner,30 to 50,0.6466573914109067,0.08125985078261187,108891.7380408413
2025,3,2072262,Renter,30 to 50,0.3533426085890933,0.15386756054141512,112664.66834053904
2025,3,2072262,Owner,50 to 80,0.6466573914109067,0.15568235422369972,208621.1329511339
2025,3,2072262,Renter,50 to 80,0.3533426085890933,0.23207134589773673,169926.9236797543
2025,3,2072262,Owner,80 to 100,0.6466573914109067,0.10741135441829568,143935.8915292494
2025,3,2072262,Renter,80 to 100,0.3533426085890933,0.11528867968416054,84416.49958139466
2025,3,2072262,Owner,Greater than 100,0.6466573914109067,0.5803337371283955,777672.475041881
2025,3,2072262,Renter,Greater than 100,0.3533426085890933,0.28721786145966915,210306.2204207927
2026,3,2092556,Owner,Less than 30,0.6466573914109067,0.07531270344699705,101910.65024967257
2026,3,2092556,Renter,Less than 30,0.3533426085890933,0.2115545524170185,156421.150349568
2026,3,2092556,Owner,30 to 50,0.6466573914109067,0.08125985078261187,109958.13260475302
2026,3,2092556,Renter,30 to 50,0.3533426085890933,0.15386756054141512,113768.01182669228
2026,3,2092556,Owner,50 to 80,0.6466573914109067,0.15568235422369972,210664.1937572049
2026,3,2092556,Renter,50 to 80,0.3533426085890933,0.23207134589773673,171591.0457787731
2026,3,2092556,Owner,80 to 100,0.6466573914109067,0.10741135441829568,145345.47920816962
2026,3,2092556,Renter,80 to 100,0.3533426085890933,0.11528867968416054,85243.20414023173
2026,3,2092556,Owner,Greater than 100,0.6466573914109067,0.5803337371283955,785288.348521441
2026,3,2092556,Renter,Greater than 100,0.3533426085890933,0.28721786145966915,212365.78356349355
2027,3,2116500,Owner,Less than 30,0.6466573914109067,0.07531270344699705,103076.75935718423
2027,3,2116500,Renter,Less than 30,0.3533426085890933,0.2115545524170185,158210.9939781113
2027,3,2116500,Owner,30 to 50,0.6466573914109067,0.08125985078261187,111216.3247521021
2027,3,2116500,Renter,30 to 50,0.3533426085890933,0.15386756054141512,115069.79838589467
2027,3,2116500,Owner,50 to 80,0.6466573914109067,0.15568235422369972,213074.71154278508
2027,3,2116500,Renter,50 to 80,0.3533426085890933,0.23207134589773673,173554.47041358668
2027,3,2116500,Owner,80 to 100,0.6466573914109067,0.10741135441829568,147008.5898509244
2027,3,2116500,Renter,80 to 100,0.3533426085890933,0.11528867968416054,86218.59656936323
2027,3,2116500,Owner,Greater than 100,0.6466573914109067,0.5803337371283955,794273.9834181879
2027,3,2116500,Renter,Greater than 100,0.3533426085890933,0.28721786145966915,214795.77173186003
2028,3,2141395,Owner,Less than 30,0.6466573914109067,0.07531270344699705,104289.18360674584
2028,3,2141395,Renter,Less than 30,0.3533426085890933,0.2115545524170185,160071.92603343146
2028,3,2141395,Owner,30 to 50,0.6466573914109067,0.08125985078261187,112524.48936571118
2028,3,2141395,Renter,30 to 50,0.3533426085890933,0.15386756054141512,116423.28888002028
2028,3,2141395,Owner,50 to 80,0.6466573914109067,0.15568235422369972,215580.9694893278
2028,3,2141395,Renter,50 to 80,0.3533426085890933,0.23207134589773673,175595.87770909638
2028,3,2141395,Owner,80 to 100,0.6466573914109067,0.10741135441829568,148737.75538096874
2028,3,2141395,Renter,80 to 100,0.3533426085890933,0.11528867968416054,87232.72931757694
2028,3,2141395,Owner,Greater than 100,0.6466573914109067,0.5803337371283955,803616.5068376049
2028,3,2141395,Renter,Greater than 100,0.3533426085890933,0.28721786145966915,217322.27337951638
2029,3,2166673,Owner,Less than 30,0.6466573914109067,0.07531270344699705,105520.2605370699
2029,3,2166673,Renter,Less than 30,0.3533426085890933,0.2115545524170185,161961.4878126796
2029,3,2166673,Owner,30 to 50,0.6466573914109067,0.08125985078261187,113852.77958876037
2029,3,2166673,Renter,30 to 50,0.3533426085890933,0.15386756054141512,117797.60230482474
2029,3,2166673,Owner,50 to 80,0.6466573914109067,0.15568235422369972,218125.78525043267
2029,3,2166673,Renter,50 to 80,0.3533426085890933,0.23207134589773673,177668.69127069082
2029,3,2166673,Owner,80 to 100,0.6466573914109067,0.10741135441829568,150493.5234576291
2029,3,2166673,Renter,80 to 100,0.3533426085890933,0.11528867968416054,88262.46410807085
2029,3,2166673,Owner,Greater than 100,0.6466573914109067,0.5803337371283955,813102.7613865512
2029,3,2166673,Renter,Greater than 100,0.3533426085890933,0.28721786145966915,219887.64428329054
2030,3,2193455,Owner,Less than 30,0.6466573914109067,0.07531270344699705,106824.58454798609
2030,3,2193455,Renter,Less than 30,0.3533426085890933,0.2115545524170185,163963.47545299228
2030,3,2193455,Owner,30 to 50,0.6466573914109067,0.08125985078261187,115260.1009256424
2030,3,2193455,Renter,30 to 50,0.3533426085890933,0.15386756054141512,119253.6851493185
2030,3,2193455,Owner,50 to 80,0.6466573914109067,0.15568235422369972,220822.01342172438
2030,3,2193455,Renter,50 to 80,0.3533426085890933,0.23207134589773673,179864.83387717165
2030,3,2193455,Owner,80 to 100,0.6466573914109067,0.10741135441829568,152353.75688705855
2030,3,2193455,Renter,80 to 100,0.3533426085890933,0.11528867968416054,89353.46644840663
2030,3,2193455,Owner,Greater than 100,0.6466573914109067,0.5803337371283955,823153.4326947988
2030,3,2193455,Renter,Greater than 100,0.3533426085890933,0.28721786145966915,222605.65059490057
2031,3,2219895,Owner,Less than 30,0.6466573914109067,0.07531270344699705,108112.25264031018
2031,3,2219895,Renter,Less than 30,0.3533426085890933,0.2115545524170185,165939.89817011077
2031,3,2219895,Owner,30 to 50,0.6466573914109067,0.08125985078261187,116649.45109169275
2031,3,2219895,Renter,30 to 50,0.3533426085890933,0.15386756054141512,120691.17414970737
2031,3,2219895,Owner,50 to 80,0.6466573914109067,0.15568235422369972,223483.81137740178
2031,3,2219895,Renter,50 to 80,0.3533426085890933,0.23207134589773673,182032.932246052
2031,3,2219895,Owner,80 to 100,0.6466573914109067,0.10741135441829568,154190.23556206847
2031,3,2219895,Renter,80 to 100,0.3533426085890933,0.11528867968416054,90430.53693897785
2031,3,2219895,Owner,Greater than 100,0.6466573914109067,0.5803337371283955,833075.7592346413
2031,3,2219895,Renter,Greater than 100,0.3533426085890933,0.28721786145966915,225288.9485890373
2032,3,2246452,Owner,Less than 30,0.6466573914109067,0.07531270344699705,109405.61881004737
2032,3,2246452,Renter,Less than 30,0.3533426085890933,0.2115545524170185,167925.06678200618
2032,3,2246452,Owner,30 to 50,0.6466573914109067,0.08125985078261187,118044.94928986974
2032,3,2246452,Renter,30 to 50,0.3533426085890933,0.15386756054141512,122135.02420202686
2032,3,2246452,Owner,50 to 80,0.6466573914109067,0.15568235422369972,226157.3880910525
2032,3,2246452,Renter,50 to 80,0.3533426085890933,0.23207134589773673,184210.6246962167
2032,3,2246452,Owner,80 to 100,0.6466573914109067,0.10741135441829568,156034.8408635903
2032,3,2246452,Renter,80 to 100,0.3533426085890933,0.11528867968416054,91512.37358867904
2032,3,2246452,Owner,Greater than 100,0.6466573914109067,0.5803337371283955,843041.9931952541
2032,3,2246452,Renter,Greater than 100,0.3533426085890933,0.28721786145966915,227984.12048125698
2033,3,2272019,Owner,Less than 30,0.6466573914109067,0.07531270344699705,110650.77047859691
2033,3,2272019,Renter,Less than 30,0.3533426085890933,0.2115545524170185,169836.2316688658
2033,3,2272019,Owner,30 to 50,0.6466573914109067,0.08125985078261187,119388.42567774451
2033,3,2272019,Renter,30 to 50,0.3533426085890933,0.15386756054141512,123525.0499687796
2033,3,2272019,Owner,50 to 80,0.6466573914109067,0.15568235422369972,228731.2983910829
2033,3,2272019,Renter,50 to 80,0.3533426085890933,0.23207134589773673,186307.1364585905
2033,3,2272019,Owner,80 to 100,0.6466573914109067,0.10741135441829568,157810.68240231866
2033,3,2272019,Renter,80 to 100,0.3533426085890933,0.11528867968416054,92553.88119958804
2033,3,2272019,Owner,Greater than 100,0.6466573914109067,0.5803337371283955,852636.7028262736
2033,3,2272019,Renter,Greater than 100,0.3533426085890933,0.28721786145966915,230578.82092815917
2034,3,2296215,Owner,Less than 30,0.6466573914109067,0.07531270344699705,111829.15236822907
2034,3,2296215,Renter,Less than 30,0.3533426085890933,0.2115545524170185,171644.91260923643
2034,3,2296215,Owner,30 to 50,0.6466573914109067,0.08125985078261187,120659.85974044325
2034,3,2296215,Renter,30 to 50,0.3533426085890933,0.15386756054141512,124840.53725521718
2034,3,2296215,Owner,50 to 80,0.6466573914109067,0.15568235422369972,231167.185809221
2034,3,2296215,Renter,50 to 80,0.3533426085890933,0.23207134589773673,188291.22526847816
2034,3,2296215,Owner,80 to 100,0.6466573914109067,0.10741135441829568,159491.29654833002
2034,3,2296215,Renter,80 to 100,0.3533426085890933,0.11528867968416054,93539.5392022303
2034,3,2296215,Owner,Greater than 100,0.6466573914109067,0.5803337371283955,861716.9075523717
2034,3,2296215,Renter,Greater than 100,0.3533426085890933,0.28721786145966915,233034.38364624287
2035,3,2318856,Owner,Less than 30,0.6466573914109067,0.07531270344699705,112931.80339993519
2035,3,2318856,Renter,Less than 30,0.3533426085890933,0.2115545524170185,173337.35537543456
2035,3,2318856,Owner,30 to 50,0.6466573914109067,0.08125985078261187,121849.58277786936
2035,3,2318856,Renter,30 to 50,0.3533426085890933,0.15386756054141512,126071.48235573927
2035,3,2318856,Owner,50 to 80,0.6466573914109067,0.15568235422369972,233446.52648677366
2035,3,2318856,Renter,50 to 80,0.3533426085890933,0.23207134589773673,190147.8029980477
2035,3,2318856,Owner,80 to 100,0.6466573914109067,0.10741135441829568,161063.90296591318
2035,3,2318856,Renter,80 to 100,0.3533426085890933,0.11528867968416054,94461.85209848682
2035,3,2318856,Owner,Greater than 100,0.6466573914109067,0.5803337371283955,870213.556387038
2035,3,2318856,Renter,Greater than 100,0.3533426085890933,0.28721786145966915,235332.1351547621
2036,3,2340586,Owner,Less than 30,0.6466573914109067,0.07531270344699705,113990.08735024542
2036,3,2340586,Renter,Less than 30,0.3533426085890933,0.2115545524170185,174961.69976435232
2036,3,2340586,Owner,30 to 50,0.6466573914109067,0.08125985078261187,122991.43524036082
2036,3,2340586,Renter,30 to 50,0.3533426085890933,0.15386756054141512,127252.89823994692
2036,3,2340586,Owner,50 to 80,0.6466573914109067,0.15568235422369972,235634.1539291666
2036,3,2340586,Renter,50 to 80,0.3533426085890933,0.23207134589773673,191929.67809471072
2036,3,2340586,Owner,80 to 100,0.6466573914109067,0.10741135441829568,162573.2328300571
2036,3,2340586,Renter,80 to 100,0.3533426085890933,0.11528867968416054,95347.05413177398
2036,3,2340586,Owner,Greater than 100,0.6466573914109067,0.5803337371283955,878368.3277830584
2036,3,2340586,Renter,Greater than 100,0.3533426085890933,0.28721786145966915,237537.4326363276
2037,3,2361781,Owner,Less than 30,0.6466573914109067,0.07531270344699705,115022.3159893078
2037,3,2361781,Renter,Less than 30,0.3533426085890933,0.2115545524170185,176546.0522412557
2037,3,2361781,Owner,30 to 50,0.6466573914109067,0.08125985078261187,124105.17490637585
2037,3,2361781,Renter,30 to 50,0.3533426085890933,0.15386756054141512,128405.22726276245
2037,3,2361781,Owner,50 to 80,0.6466573914109067,0.15568235422369972,237767.9212389466
2037,3,2361781,Renter,50 to 80,0.3533426085890933,0.23207134589773673,193667.68281968872
2037,3,2361781,Owner,80 to 100,0.6466573914109067,0.10741135441829568,164045.402478954
2037,3,2361781,Renter,80 to 100,0.3533426085890933,0.11528867968416054,96210.46218955223
2037,3,2361781,Owner,Greater than 100,0.6466573914109067,0.5803337371283955,886322.3259302583
2037,3,2361781,Renter,Greater than 100,0.3533426085890933,0.28721786145966915,239688.43494289825
2038,3,2382683,Owner,Less than 30,0.6466573914109067,0.07531270344699705,116040.27508407929
2038,3,2382683,Renter,Less than 30,0.3533426085890933,0.2115545524170185,178108.502605598
2038,3,2382683,Owner,30 to 50,0.6466573914109067,0.08125985078261187,125203.51821843274
2038,3,2382683,Renter,30 to 50,0.3533426085890933,0.15386756054141512,129541.6264717688
2038,3,2382683,Owner,50 to 80,0.6466573914109067,0.15568235422369972,239872.1913172208
2038,3,2382683,Renter,50 to 80,0.3533426085890933,0.23207134589773673,195381.6613411084
2038,3,2382683,Owner,80 to 100,0.6466573914109067,0.10741135441829568,165497.22083239793
2038,3,2382683,Renter,80 to 100,0.3533426085890933,0.11528867968416054,97061.93448130408
2038,3,2382683,Owner,Greater than 100,0.6466573914109067,0.5803337371283955,894166.3678869825
2038,3,2382683,Renter,Greater than 100,0.3533426085890933,0.28721786145966915,241809.70176110722
2039,3,2402154,Owner,Less than 30,0.6466573914109067,0.07531270344699705,116988.5423089523
2039,3,2402154,Renter,Less than 30,0.3533426085890933,0.2115545524170185,179563.9839492067
2039,3,2402154,Owner,30 to 50,0.6466573914109067,0.08125985078261187,126226.66636832558
2039,3,2402154,Renter,30 to 50,0.3533426085890933,0.15386756054141512,130600.22512254686
2039,3,2402154,Owner,50 to 80,0.6466573914109067,0.15568235422369972,241832.39812489835
2039,3,2402154,Renter,50 to 80,0.3533426085890933,0.23207134589773673,196978.29686835763
2039,3,2402154,Owner,80 to 100,0.6466573914109067,0.10741135441829568,166849.6442923494
2039,3,2402154,Renter,80 to 100,0.3533426085890933,0.11528867968416054,97855.11298061998
2039,3,2402154,Owner,Greater than 100,0.6466573914109067,0.5803337371283955,901473.3883127493
2039,3,2402154,Renter,Greater than 100,0.3533426085890933,0.28721786145966915,243785.74167199363
2040,3,2420742,Owner,Less than 30,0.6466573914109067,0.07531270344699705,117893.80609488726
2040,3,2420742,Renter,Less than 30,0.3533426085890933,0.2115545524170185,180953.45995018247
2040,3,2420742,Owner,30 to 50,0.6466573914109067,0.08125985078261187,127203.4152672115
2040,3,2420742,Renter,30 to 50,0.3533426085890933,0.15386756054141512,131610.8168600366
2040,3,2420742,Owner,50 to 80,0.6466573914109067,0.15568235422369972,243703.7105454782
2040,3,2420742,Renter,50 to 80,0.3533426085890933,0.23207134589773673,198502.52578215295
2040,3,2420742,Owner,80 to 100,0.6466573914109067,0.10741135441829568,168140.73603255683
2040,3,2420742,Renter,80 to 100,0.3533426085890933,0.11528867968416054,98612.32123624547
2040,3,2420742,Owner,Greater than 100,0.6466573914109067,0.5803337371283955,908449.039058687
2040,3,2420742,Renter,Greater than 100,0.3533426085890933,0.28721786145966915,245672.16917256147
2041,3,2442825,Owner,Less than 30,0.6466573914109067,0.07531270344699705,118969.28168046944
2041,3,2442825,Renter,Less than 30,0.3533426085890933,0.2115545524170185,182604.1915259059
2041,3,2442825,Owner,30 to 50,0.6466573914109067,0.08125985078261187,128363.8169206491
2041,3,2442825,Renter,30 to 50,0.3533426085890933,0.15386756054141512,132811.42463596654
2041,3,2442825,Owner,50 to 80,0.6466573914109067,0.15568235422369972,245926.87560808126
2041,3,2442825,Renter,50 to 80,0.3533426085890933,0.23207134589773673,200313.34712405855
2041,3,2442825,Owner,80 to 100,0.6466573914109067,0.10741135441829568,169674.58469292911
2041,3,2442825,Renter,80 to 100,0.3533426085890933,0.11528867968416054,99511.9032197282
2041,3,2442825,Owner,Greater than 100,0.6466573914109067,0.5803337371283955,916736.283271219
2041,3,2442825,Renter,Greater than 100,0.3533426085890933,0.28721786145966915,247913.2913209927
2042,3,2464375,Owner,Less than 30,0.6466573914109067,0.07531270344699705,120018.79935783648
2042,3,2464375,Renter,Less than 30,0.3533426085890933,0.2115545524170185,184215.0806920898
2042,3,2464375,Owner,30 to 50,0.6466573914109067,0.08125985078261187,129496.21087217654
2042,3,2464375,Renter,30 to 50,0.3533426085890933,0.15386756054141512,133983.05428643478
2042,3,2464375,Owner,50 to 80,0.6466573914109067,0.15568235422369972,248096.38188436144
2042,3,2464375,Renter,50 to 80,0.3533426085890933,0.23207134589773673,202080.46209566866
2042,3,2464375,Owner,80 to 100,0.6466573914109067,0.10741135441829568,171171.41205474696
2042,3,2464375,Renter,80 to 100,0.3533426085890933,0.11528867968416054,100389.77270050769
2042,3,2464375,Owner,Greater than 100,0.6466573914109067,0.5803337371283955,924823.5047891317
2042,3,2464375,Renter,Greater than 100,0.3533426085890933,0.28721786145966915,250100.32126704586
2043,3,2485376,Owner,Less than 30,0.6466573914109067,0.07531270344699705,121041.57990272673
2043,3,2485376,Renter,Less than 30,0.3533426085890933,0.2115545524170185,185784.9314289357
2043,3,2485376,Owner,30 to 50,0.6466573914109067,0.08125985078261187,130599.75636526366
2043,3,2485376,Renter,30 to 50,0.3533426085890933,0.15386756054141512,135124.8359239978
2043,3,2485376,Owner,50 to 80,0.6466573914109067,0.15568235422369972,250210.61860399763
2043,3,2485376,Renter,50 to 80,0.3533426085890933,0.23207134589773673,203802.55868586747
2043,3,2485376,Owner,80 to 100,0.6466573914109067,0.10741135441829568,172630.10678447018
2043,3,2485376,Renter,80 to 100,0.3533426085890933,0.11528867968416054,101245.27789613878
2043,3,2485376,Owner,Greater than 100,0.6466573914109067,0.5803337371283955,932704.6991788152
2043,3,2485376,Renter,Greater than 100,0.3533426085890933,0.28721786145966915,252231.63522978663
2044,3,2506265,Owner,Less than 30,0.6466573914109067,0.07531270344699705,122058.90587778566
2044,3,2506265,Renter,Less than 30,0.3533426085890933,0.2115545524170185,187346.41002719165
2044,3,2506265,Owner,30 to 50,0.6466573914109067,0.08125985078261187,131697.41656263982
2044,3,2506265,Renter,30 to 50,0.3533426085890933,0.15386756054141512,136260.52834945632
2044,3,2506265,Owner,50 to 80,0.6466573914109067,0.15568235422369972,252313.5799313859
2044,3,2506265,Renter,50 to 80,0.3533426085890933,0.23207134589773673,205515.47119825555
2044,3,2506265,Owner,80 to 100,0.6466573914109067,0.10741135441829568,174081.02217941277
2044,3,2506265,Renter,80 to 100,0.3533426085890933,0.11528867968416054,102096.22061465398
2044,3,2506265,Owner,Greater than 100,0.6466573914109067,0.5803337371283955,940543.8625332317
2044,3,2506265,Renter,Greater than 100,0.3533426085890933,0.28721786145966915,254351.58272598637
2045,3,2527219,Owner,Less than 30,0.6466573914109067,0.07531270344699705,123079.3974514074
2045,3,2527219,Renter,Less than 30,0.3533426085890933,0.2115545524170185,188912.7474558793
2045,3,2527219,Owner,30 to 50,0.6466573914109067,0.08125985078261187,132798.49233341968
2045,3,2527219,Renter,30 to 50,0.3533426085890933,0.15386756054141512,137399.75469265407
2045,3,2527219,Owner,50 to 80,0.6466573914109067,0.15568235422369972,254423.08501320376
2045,3,2527219,Renter,50 to 80,0.3533426085890933,0.23207134589773673,207233.71375580164
2045,3,2527219,Owner,80 to 100,0.6466573914109067,0.10741135441829568,175536.45236686198
2045,3,2527219,Renter,80 to 100,0.3533426085890933,0.11528867968416054,102949.81119935252
2045,3,2527219,Owner,Greater than 100,0.6466573914109067,0.5803337371283955,948407.4188991871
2045,3,2527219,Renter,Greater than 100,0.3533426085890933,0.28721786145966915,256478.1268322323
2046,3,2548239,Owner,Less than 30,0.6466573914109067,0.07531270344699705,124103.10332510833
2046,3,2548239,Renter,Less than 30,0.3533426085890933,0.2115545524170185,190484.01846623595
2046,3,2548239,Owner,30 to 50,0.6466573914109067,0.08125985078261187,133903.03622488634
2046,3,2548239,Renter,30 to 50,0.3533426085890933,0.15386756054141512,138542.56932155628
2046,3,2548239,Owner,50 to 80,0.6466573914109067,0.15568235422369972,256539.2345225963
2046,3,2548239,Renter,50 to 80,0.3533426085890933,0.23207134589773673,208957.36835920045
2046,3,2548239,Owner,80 to 100,0.6466573914109067,0.10741135441829568,176996.4668051641
2046,3,2548239,Renter,80 to 100,0.3533426085890933,0.11528867968416054,103806.0903866372
2046,3,2548239,Owner,Greater than 100,0.6466573914109067,0.5803337371283955,956295.7435537821
2046,3,2548239,Renter,Greater than 100,0.3533426085890933,0.28721786145966915,258611.36903483263
2047,3,2569301,Owner,Less than 30,0.6466573914109067,0.07531270344699705,125128.85466249603
2047,3,2569301,Renter,Less than 30,0.3533426085890933,0.2115545524170185,192058.42902856384
2047,3,2569301,Owner,30 to 50,0.6466573914109067,0.08125985078261187,135009.78710224462
2047,3,2569301,Renter,30 to 50,0.3533426085890933,0.15386756054141512,139687.66740499766
2047,3,2569301,Owner,50 to 80,0.6466573914109067,0.15568235422369972,258659.61230408188
2047,3,2569301,Renter,50 to 80,0.3533426085890933,0.23207134589773673,210684.46699177826
2047,3,2569301,Owner,80 to 100,0.6466573914109067,0.10741135441829568,178459.398494009
2047,3,2569301,Renter,80 to 100,0.3533426085890933,0.11528867968416054,104664.08050284033
2047,3,2569301,Owner,Greater than 100,0.6466573914109067,0.5803337371283955,964199.8298466024
2047,3,2569301,Renter,Greater than 100,0.3533426085890933,0.28721786145966915,260748.8736623859
2048,3,2590129,Owner,Less than 30,0.6466573914109067,0.07531270344699705,126143.20984505753
2048,3,2590129,Renter,Less than 30,0.3533426085890933,0.2115545524170185,193615.34780133783
2048,3,2590129,Owner,30 to 50,0.6466573914109067,0.08125985078261187,136104.24191534962
2048,3,2590129,Renter,30 to 50,0.3533426085890933,0.15386756054141512,140820.04338457785
2048,3,2590129,Owner,50 to 80,0.6466573914109067,0.15568235422369972,260756.43256962078
2048,3,2590129,Renter,50 to 80,0.3533426085890933,0.23207134589773673,212392.37746178734
2048,3,2590129,Owner,80 to 100,0.6466573914109067,0.10741135441829568,179906.07692982993
2048,3,2590129,Renter,80 to 100,0.3533426085890933,0.11528867968416054,105512.53830078349
2048,3,2590129,Owner,Greater than 100,0.6466573914109067,0.5803337371283955,972016.1012978823
2048,3,2590129,Renter,Greater than 100,0.3533426085890933,0.28721786145966915,262862.6304937732
2049,3,2611213,Owner,Less than 30,0.6466573914109067,0.07531270344699705,127170.03261580491
2049,3,2611213,Renter,Less than 30,0.3533426085890933,0.2115545524170185,195191.4028908887
2049,3,2611213,Owner,30 to 50,0.6466573914109067,0.08125985078261187,137212.14883293683
2049,3,2611213,Renter,30 to 50,0.3533426085890933,0.15386756054141512,141966.33756325406
2049,3,2611213,Owner,50 to 80,0.6466573914109067,0.15568235422369972,262879.02516029787
2049,3,2611213,Renter,50 to 80,0.3533426085890933,0.23207134589773673,214121.2801096494
2049,3,2611213,Owner,80 to 100,0.6466573914109067,0.10741135441829568,181370.53670229242
2049,3,2611213,Renter,80 to 100,0.3533426085890933,0.11528867968416054,106371.42461784866
2049,3,2611213,Owner,Greater than 100,0.6466573914109067,0.5803337371283955,979928.4436869156
2049,3,2611213,Renter,Greater than 100,0.3533426085890933,0.28721786145966915,265002.3678201112
2050,3,2632105,Owner,Less than 30,0.6466573914109067,0.07531270344699705,128187.5046954129
2050,3,2632105,Renter,Less than 30,0.3533426085890933,0.2115545524170185,196753.10574285692
2050,3,2632105,Owner,30 to 50,0.6466573914109067,0.08125985078261187,138309.9666721624
2050,3,2632105,Renter,30 to 50,0.3533426085890933,0.15386756054141512,143102.1930926082
2050,3,2632105,Owner,50 to 80,0.6466573914109067,0.15568235422369972,264982.2885071213
2050,3,2632105,Renter,50 to 80,0.3533426085890933,0.23207134589773673,215834.4386241217
2050,3,2632105,Owner,80 to 100,0.6466573914109067,0.10741135441829568,182821.66047227377
2050,3,2632105,Renter,80 to 100,0.3533426085890933,0.11528867968416054,107222.48954557233
2050,3,2632105,Owner,Greater than 100,0.6466573914109067,0.5803337371283955,987768.732872634
2050,3,2632105,Renter,Greater than 100,0.3533426085890933,0.28721786145966915,267122.61977523624
2010,4,79567,Owner,Less than 30,0.7015363986814905,0.07232734454638125,4037.2506508743504
2010,4,79567,Renter,Less than 30,0.2984636013185094,0.1982329377410056,4707.606737806581
2010,4,79567,Owner,30 to 50,0.7015363986814905,0.09276248725790011,5177.922878373093
2010,4,79567,Renter,30 to 50,0.2984636013185094,0.22503837370371757,5344.178300463713
2010,4,79567,Owner,50 to 80,0.7015363986814905,0.12788290010193679,7138.3143527571365
2010,4,79567,Renter,50 to 80,0.2984636013185094,0.2310658530193553,5487.317995418738
2010,4,79567,Owner,80 to 100,0.7015363986814905,0.10311544342507645,5755.8160567629475
2010,4,79567,Renter,80 to 100,0.2984636013185094,0.10441391187151361,2479.6062685066204
2010,4,79567,Owner,Greater than 100,0.7015363986814905,0.6039118246687054,33709.84269512263
2010,4,79567,Renter,Greater than 100,0.2984636013185094,0.24124892366440792,5729.144063914185
2011,4,84102,Owner,Less than 30,0.704388750283511,0.07539484487949383,4466.428509866183
2011,4,84102,Renter,Less than 30,0.295611249716489,0.21544481528369203,5356.280698571104
2011,4,84102,Owner,30 to 50,0.704388750283511,0.08861268977508734,5249.460285779088
2011,4,84102,Renter,30 to 50,0.295611249716489,0.22277208731346146,5538.447652528917
2011,4,84102,Owner,50 to 80,0.704388750283511,0.17616280005795887,10435.972828305737
2011,4,84102,Renter,50 to 80,0.295611249716489,0.18333525146737253,4557.98886368791
2011,4,84102,Owner,80 to 100,0.704388750283511,0.09452127573937823,5599.48788841007
2011,4,84102,Renter,80 to 100,0.295611249716489,0.0752292170176852,1870.3109775459288
2011,4,84102,Owner,Greater than 100,0.704388750283511,0.5653083895480817,33489.153163982766
2011,4,84102,Renter,Greater than 100,0.295611249716489,0.3032186289177888,7538.469131322295
2012,4,84017,Owner,Less than 30,0.6879007580278579,0.07831736714842091,4526.380270960041
2012,4,84017,Renter,Less than 30,0.31209924197214217,0.24890154597233524,6526.607234912452
2012,4,84017,Owner,30 to 50,0.6879007580278579,0.10218358343946693,5905.736785301624
2012,4,84017,Renter,30 to 50,0.31209924197214217,0.1803905614320586,4730.13672435466
2012,4,84017,Owner,50 to 80,0.6879007580278579,0.18160843162227513,10496.124319108143
2012,4,84017,Renter,50 to 80,0.31209924197214217,0.19808787632221317,5194.18937999162
2012,4,84017,Owner,80 to 100,0.6879007580278579,0.09193938387138453,5313.669603971711
2012,4,84017,Renter,80 to 100,0.31209924197214217,0.11013018714401952,2887.7943420902266
2012,4,84017,Owner,Greater than 100,0.6879007580278579,0.5459512339184525,31553.447007885014
2012,4,84017,Renter,Greater than 100,0.31209924197214217,0.26248982912937346,6882.9143314245075
2013,4,84036,Owner,Less than 30,0.6822805682394724,0.06878474094179324,3943.8508371385083
2013,4,84036,Renter,Less than 30,0.31771943176052764,0.17813086350752524,4756.070928462709
2013,4,84036,Owner,30 to 50,0.6822805682394724,0.1127883846740161,6466.849467275494
2013,4,84036,Renter,30 to 50,0.31771943176052764,0.2124635714000559,5672.749771689498
2013,4,84036,Owner,50 to 80,0.6822805682394724,0.13751371047201205,7884.5039573820395
2013,4,84036,Renter,50 to 80,0.31771943176052764,0.16272106670924988,4344.6313546423135
2013,4,84036,Owner,80 to 100,0.6822805682394724,0.11671097395475079,6691.755555555555
2013,4,84036,Renter,80 to 100,0.31771943176052764,0.10040320970897042,2680.7526636225266
2013,4,84036,Owner,Greater than 100,0.6822805682394724,0.5642021899574278,32349.170015220698
2013,4,84036,Renter,Greater than 100,0.31771943176052764,0.34628128867419855,9245.665449010654
2014,4,83942,Owner,Less than 30,0.6815307948853321,0.05690857218432936,3255.685805895003
2014,4,83942,Renter,Less than 30,0.318469205114668,0.24377324923176452,6516.7761367001895
2014,4,83942,Owner,30 to 50,0.6815307948853321,0.09216467965310711,5272.654502375772
2014,4,83942,Renter,30 to 50,0.318469205114668,0.12324114507520621,3294.598385248329
2014,4,83942,Owner,50 to 80,0.6815307948853321,0.1551382092315831,8875.310807504604
2014,4,83942,Renter,50 to 80,0.318469205114668,0.23233058385896813,6210.88002678376
2014,4,83942,Owner,80 to 100,0.6815307948853321,0.10941485442212859,6259.520750975418
2014,4,83942,Renter,80 to 100,0.318469205114668,0.11147501213003397,2980.055035475605
2014,4,83942,Owner,Greater than 100,0.6815307948853321,0.5863736845088519,33545.88611751375
2014,4,83942,Renter,Greater than 100,0.318469205114668,0.2891800097040272,7730.632431527576
2015,4,84152,Owner,Less than 30,0.6736252998134494,0.06900774288351764,3911.836140052539
2015,4,84152,Renter,Less than 30,0.32637470018655057,0.23955984135624855,6579.531110800899
2015,4,84152,Owner,30 to 50,0.6736252998134494,0.10069516399464969,5708.09832612089
2015,4,84152,Renter,30 to 50,0.32637470018655057,0.1645540088653861,4519.489638193378
2015,4,84152,Owner,50 to 80,0.6736252998134494,0.18230628661856407,10334.381197730936
2015,4,84152,Renter,50 to 80,0.32637470018655057,0.282564740648573,7760.664272389244
2015,4,84152,Owner,80 to 100,0.6736252998134494,0.09611725476159078,5448.590768918388
2015,4,84152,Renter,80 to 100,0.32637470018655057,0.06835679290769112,1877.4250434650187
2015,4,84152,Owner,Greater than 100,0.6736252998134494,0.5518735517416778,31284.00979707865
2015,4,84152,Renter,Greater than 100,0.32637470018655057,0.24496461622210125,6727.973705250067
2016,4,84215,Owner,Less than 30,0.6726099282224501,0.09979195064208336,5652.599794921287
2016,4,84215,Renter,Less than 30,0.3273900717775499,0.21515162681012565,5931.978828638639
2016,4,84215,Owner,30 to 50,0.6726099282224501,0.09803429227347729,5553.039266542011
2016,4,84215,Renter,30 to 50,0.3273900717775499,0.19661741405357602,5420.969177875626
2016,4,84215,Owner,50 to 80,0.6726099282224501,0.15085371977903722,8544.934736715122
2016,4,84215,Renter,50 to 80,0.3273900717775499,0.22675853937138435,6251.99481271488
2016,4,84215,Owner,80 to 100,0.6726099282224501,0.0921694526149652,5220.832197358104
2016,4,84215,Renter,80 to 100,0.3273900717775499,0.09694535539260843,2672.895409855842
2016,4,84215,Owner,Greater than 100,0.6726099282224501,0.5591505846904369,31672.439109717114
2016,4,84215,Renter,Greater than 100,0.3273900717775499,0.26452706437230555,7293.316665661379
2017,4,84433,Owner,Less than 30,0.6353460013736429,0.08720224548626916,4677.891988287887
2017,4,84433,Renter,Less than 30,0.36465399862635706,0.24994217361134058,7695.427359593208
2017,4,84433,Owner,30 to 50,0.6353460013736429,0.10042102867546654,5387.002626790856
2017,4,84433,Renter,30 to 50,0.36465399862635706,0.14337640022469683,4414.391765372148
2017,4,84433,Owner,50 to 80,0.6353460013736429,0.14131011986041572,7580.463941873215
2017,4,84433,Renter,50 to 80,0.36465399862635706,0.2182202689753164,6718.746996662288
2017,4,84433,Owner,80 to 100,0.6353460013736429,0.10119860415718404,5428.7150172910315
2017,4,84433,Renter,80 to 100,0.36465399862635706,0.11257971780722334,3466.197913026713
2017,4,84433,Owner,Greater than 100,0.6353460013736429,0.5698680018206645,30570.095359737803
2017,4,84433,Renter,Greater than 100,0.36465399862635706,0.27588143938142284,8494.067031364846
2018,4,84766,Owner,Less than 30,0.7116010548573329,0.08208133012820513,4951.110950084341
2018,4,84766,Renter,Less than 30,0.28839894514266706,0.23408023725183294,5722.42496020527
2018,4,84766,Owner,30 to 50,0.7116010548573329,0.10111177884615384,6099.019529115488
2018,4,84766,Renter,30 to 50,0.28839894514266706,0.154296070516517,3771.9873132023467
2018,4,84766,Owner,50 to 80,0.7116010548573329,0.15810296474358973,9536.703642108763
2018,4,84766,Renter,50 to 80,0.28839894514266706,0.24005272262954114,5868.43087595923
2018,4,84766,Owner,80 to 100,0.7116010548573329,0.11234642094017094,6776.688365683875
2018,4,84766,Renter,80 to 100,0.28839894514266706,0.08093747425652854,1978.6318928036872
2018,4,84766,Owner,Greater than 100,0.7116010548573329,0.5463575053418803,32956.05252904421
2018,4,84766,Renter,Greater than 100,0.28839894514266706,0.29063349534558036,7104.949941792782
2019,4,84966,Owner,Less than 30,0.705834711686534,0.08491038673497422,5092.241647179604
2019,4,84966,Renter,Less than 30,0.29416528831346606,0.21436326973786257,5357.805829008156
2019,4,84966,Owner,30 to 50,0.705834711686534,0.0891122711185093,5344.236856213997
2019,4,84966,Renter,30 to 50,0.29416528831346606,0.25221033038622614,6303.757075229567
2019,4,84966,Owner,50 to 80,0.705834711686534,0.18111737802414468,10861.962721724749
2019,4,84966,Renter,50 to 80,0.29416528831346606,0.22293314720024818,5572.001756687389
2019,4,84966,Owner,80 to 100,0.705834711686534,0.11715176883171453,7025.820270347345
2019,4,84966,Renter,80 to 100,0.29416528831346606,0.054366371955948505,1358.8357041008385
2019,4,84966,Owner,Greater than 100,0.705834711686534,0.5277081952906573,31647.69061769235
2019,4,84966,Renter,Greater than 100,0.29416528831346606,0.2561268807197146,6401.647521816005
2020,4,85233,Owner,Less than 30,0.7364152573756326,0.08356102385302647,5244.864893223059
2020,4,85233,Renter,Less than 30,0.2635847426243674,0.1855008663887978,4167.484421676336
2020,4,85233,Owner,30 to 50,0.7364152573756326,0.10129574065071995,6358.017763239106
2020,4,85233,Renter,30 to 50,0.2635847426243674,0.16592516274059851,3727.6943463769903
2020,4,85233,Owner,50 to 80,0.7364152573756326,0.1693011716982081,10626.50660412295
2020,4,85233,Renter,50 to 80,0.2635847426243674,0.2197817636866014,4937.643118133564
2020,4,85233,Owner,80 to 100,0.7364152573756326,0.12037145682820122,7555.340982594741
2020,4,85233,Renter,80 to 100,0.2635847426243674,0.13510982063410293,3035.3932230588816
2020,4,85233,Owner,Greater than 100,0.7364152573756326,0.5254706069698443,32982.151388717444
2020,4,85233,Renter,Greater than 100,0.2635847426243674,0.2936823865498993,6597.903258856931
2021,4,85886,Owner,Less than 30,0.70586226790529,0.1103734716685293,6691.246770984188
2021,4,85886,Renter,Less than 30,0.29413773209470995,0.23797133936434234,6011.706521611153
2021,4,85886,Owner,30 to 50,0.70586226790529,0.09165818751980784,5556.657247477423
2021,4,85886,Renter,30 to 50,0.29413773209470995,0.12420943079016893,3137.8175503043576
2021,4,85886,Owner,50 to 80,0.70586226790529,0.18266584377241413,11073.87689119659
2021,4,85886,Renter,50 to 80,0.29413773209470995,0.2516211672404131,6356.532749343601
2021,4,85886,Owner,80 to 100,0.70586226790529,0.10238361328418208,6206.872099184063
2021,4,85886,Renter,80 to 100,0.29413773209470995,0.0839404371147226,2120.5296174631767
2021,4,85886,Owner,Greater than 100,0.70586226790529,0.5129188837550667,31095.033732471482
2021,4,85886,Renter,Greater than 100,0.29413773209470995,0.30225762549035307,7635.726819963972
2022,4,86816,Owner,Less than 30,0.7328401240276342,0.11131400406775635,7082.047195778709
2022,4,86816,Renter,Less than 30,0.2671598759723658,0.2341179345170223,5430.073263341131
2022,4,86816,Owner,30 to 50,0.7328401240276342,0.10484122388990336,6670.234368710221
2022,4,86816,Renter,30 to 50,0.2671598759723658,0.2023945267958951,4694.288418647664
2022,4,86816,Owner,50 to 80,0.7328401240276342,0.153001083745305,9734.272926073001
2022,4,86816,Renter,50 to 80,0.2671598759723658,0.20976543410978987,4865.247413371049
2022,4,86816,Owner,80 to 100,0.7328401240276342,0.08185988509330602,5208.109927650547
2022,4,86816,Renter,80 to 100,0.2671598759723658,0.08523375142531357,1976.890474895284
2022,4,86816,Owner,Greater than 100,0.7328401240276342,0.5489838032037293,34927.58378937061
2022,4,86816,Renter,Greater than 100,0.2671598759723658,0.26848835315197916,6227.25222216178
2023,4,87507,Owner,Less than 30,0.6957076027182661,0.12515141162220084,7619.128480212621
2023,4,87507,Renter,Less than 30,0.3042923972817338,0.28705840582282977,7643.709363757172
2023,4,87507,Owner,30 to 50,0.6957076027182661,0.08812932881945523,5365.2505428969625
2023,4,87507,Renter,30 to 50,0.3042923972817338,0.17131191194745252,4561.644734709753
2023,4,87507,Owner,50 to 80,0.6957076027182661,0.14898903624561294,9070.346027938935
2023,4,87507,Renter,50 to 80,0.3042923972817338,0.19815373690750931,5276.381194697436
2023,4,87507,Owner,80 to 100,0.6957076027182661,0.08682485945895581,5285.835380676109
2023,4,87507,Renter,80 to 100,0.3042923972817338,0.07488017042428546,1993.8878229021489
2023,4,87507,Owner,Greater than 100,0.6957076027182661,0.5509053638537752,33538.72475934269
2023,4,87507,Renter,Greater than 100,0.3042923972817338,0.26859577489792297,7152.091692866172
2024,4,88275,Owner,Less than 30,0.7155679827663116,0.08473468146571385,5352.415599534343
2024,4,88275,Renter,Less than 30,0.2844320172336884,0.3458287113185174,8683.149010477298
2024,4,88275,Owner,30 to 50,0.7155679827663116,0.11748517561198114,7421.15832363213
2024,4,88275,Renter,30 to 50,0.2844320172336884,0.14458937382855833,3630.384167636787
2024,4,88275,Owner,50 to 80,0.7155679827663116,0.1411585829405504,8916.530849825378
2024,4,88275,Renter,50 to 80,0.2844320172336884,0.165206747504112,4148.050058207217
2024,4,88275,Owner,80 to 100,0.7155679827663116,0.11160103390603619,7049.476135040745
2024,4,88275,Renter,80 to 100,0.2844320172336884,0.0923000420762728,2317.4912689173457
2024,4,88275,Owner,Greater than 100,0.7155679827663116,0.5450205260757184,34427.18277066356
2024,4,88275,Renter,Greater than 100,0.2844320172336884,0.2520751252725395,6329.161816065192
2025,4,89379,Owner,Less than 30,0.7146609645171444,0.10697488393756675,6833.093705565022
2025,4,89379,Renter,Less than 30,0.28533903548285555,0.29005629945222156,7397.397942016086
2025,4,89379,Owner,30 to 50,0.7146609645171444,0.1036031246994021,6617.720283515506
2025,4,89379,Renter,30 to 50,0.28533903548285555,0.17213177115033476,4389.931237721022
2025,4,89379,Owner,50 to 80,0.7146609645171444,0.14774988229218874,9437.624548187865
2025,4,89379,Renter,50 to 80,0.28533903548285555,0.19084753499695678,4867.245308209141
2025,4,89379,Owner,80 to 100,0.7146609645171444,0.09338153025217316,5964.808963518544
2025,4,89379,Renter,80 to 100,0.28533903548285555,0.08387857577601948,2139.1819622485864
2025,4,89379,Owner,Greater than 100,0.7146609645171444,0.5482905788186693,35022.434846790915
2025,4,89379,Renter,Greater than 100,0.28533903548285555,0.26308581862446745,6709.561202227312
2026,4,89762,Owner,Less than 30,0.7146609645171444,0.10697488393756675,6862.374351905118
2026,4,89762,Renter,Less than 30,0.28533903548285555,0.29005629945222156,7429.096701364391
2026,4,89762,Owner,30 to 50,0.7146609645171444,0.1036031246994021,6646.0780282719525
2026,4,89762,Renter,30 to 50,0.28533903548285555,0.17213177115033476,4408.742632612967
2026,4,89762,Owner,50 to 80,0.7146609645171444,0.14774988229218874,9478.065929294793
2026,4,89762,Renter,50 to 80,0.28533903548285555,0.19084753499695678,4888.102052556741
2026,4,89762,Owner,80 to 100,0.7146609645171444,0.09338153025217316,5990.368903023659
2026,4,89762,Renter,80 to 100,0.28533903548285555,0.08387857577601948,2148.348619869965
2026,4,89762,Owner,Greater than 100,0.7146609645171444,0.5482905788186693,35172.510284492404
2026,4,89762,Renter,Greater than 100,0.28533903548285555,0.26308581862446745,6738.312496608017
2027,4,89983,Owner,Less than 30,0.7146609645171444,0.10697488393756675,6879.269972900316
2027,4,89983,Renter,Less than 30,0.28533903548285555,0.29005629945222156,7447.387630387825
2027,4,89983,Owner,30 to 50,0.7146609645171444,0.1036031246994021,6662.4411133664025
2027,4,89983,Renter,30 to 50,0.28533903548285555,0.17213177115033476,4419.597249508841
2027,4,89983,Owner,50 to 80,0.7146609645171444,0.14774988229218874,9501.401556513149
2027,4,89983,Renter,50 to 80,0.28533903548285555,0.19084753499695678,4900.13688415157
2027,4,89983,Owner,80 to 100,0.7146609645171444,0.09338153025217316,6005.11758874332
2027,4,89983,Renter,80 to 100,0.28533903548285555,0.08387857577601948,2153.6379967219877
2027,4,89983,Owner,Greater than 100,0.7146609645171444,0.5482905788186693,35259.10733862302
2027,4,89983,Renter,Greater than 100,0.28533903548285555,0.26308581862446745,6754.902669083567
2028,4,90186,Owner,Less than 30,0.7146609645171444,0.10697488393756675,6894.7894799683045
2028,4,90186,Renter,Less than 30,0.28533903548285555,0.29005629945222156,7464.188800486275
2028,4,90186,Owner,30 to 50,0.7146609645171444,0.1036031246994021,6677.471458498409
2028,4,90186,Renter,30 to 50,0.28533903548285555,0.17213177115033476,4429.567779960707
2028,4,90186,Owner,50 to 80,0.7146609645171444,0.14774988229218874,9522.836544410553
2028,4,90186,Renter,50 to 80,0.28533903548285555,0.19084753499695678,4911.191503218313
2028,4,90186,Owner,80 to 100,0.7146609645171444,0.09338153025217316,6018.665024042375
2028,4,90186,Renter,80 to 100,0.28533903548285555,0.08387857577601948,2158.4965645996376
2028,4,90186,Owner,Greater than 100,0.7146609645171444,0.5482905788186693,35338.651239023544
2028,4,90186,Renter,Greater than 100,0.28533903548285555,0.26308581862446745,6770.14160579188
2029,4,90385,Owner,Less than 30,0.7146609645171444,0.10697488393756675,6910.003183941357
2029,4,90385,Renter,Less than 30,0.28533903548285555,0.29005629945222156,7480.658913045838
2029,4,90385,Owner,30 to 50,0.7146609645171444,0.1036031246994021,6692.205639194318
2029,4,90385,Renter,30 to 50,0.28533903548285555,0.17213177115033476,4439.34184675835
2029,4,90385,Owner,50 to 80,0.7146609645171444,0.14774988229218874,9543.849168014414
2029,4,90385,Renter,50 to 80,0.28533903548285555,0.19084753499695678,4922.028297278815
2029,4,90385,Owner,80 to 100,0.7146609645171444,0.09338153025217316,6031.945514803519
2029,4,90385,Renter,80 to 100,0.28533903548285555,0.08387857577601948,2163.259397149649
2029,4,90385,Owner,Greater than 100,0.7146609645171444,0.5482905788186693,35416.6277719285
2029,4,90385,Renter,Greater than 100,0.28533903548285555,0.26308581862446745,6785.080267885248
2030,4,90577,Owner,Less than 30,0.7146609645171444,0.10697488393756675,6924.681732498271
2030,4,90577,Renter,Less than 30,0.28533903548285555,0.29005629945222156,7496.549674912351
2030,4,90577,Owner,30 to 50,0.7146609645171444,0.1036031246994021,6706.421532127054
2030,4,90577,Renter,30 to 50,0.28533903548285555,0.17213177115033476,4448.7721021611005
2030,4,90577,Owner,50 to 80,0.7146609645171444,0.14774988229218874,9564.12265410457
2030,4,90577,Renter,50 to 80,0.28533903548285555,0.19084753499695678,4932.483897578395
2030,4,90577,Owner,80 to 100,0.7146609645171444,0.09338153025217316,6044.758852623314
2030,4,90577,Renter,80 to 100,0.28533903548285555,0.08387857577601948,2167.854692876293
2030,4,90577,Owner,Greater than 100,0.7146609645171444,0.5482905788186693,35491.861411716185
2030,4,90577,Renter,Greater than 100,0.28533903548285555,0.26308581862446745,6799.493449402468
2031,4,90682,Owner,Less than 30,0.7146609645171444,0.10697488393756675,6932.709063740334
2031,4,90682,Renter,Less than 30,0.28533903548285555,0.29005629945222156,7505.2399353081
2031,4,90682,Owner,30 to 50,0.7146609645171444,0.1036031246994021,6714.195848574644
2031,4,90682,Renter,30 to 50,0.28533903548285555,0.17213177115033476,4453.929273084479
2031,4,90682,Owner,50 to 80,0.7146609645171444,0.14774988229218874,9575.209716810125
2031,4,90682,Renter,50 to 80,0.28533903548285555,0.19084753499695678,4938.201803992228
2031,4,90682,Owner,80 to 100,0.7146609645171444,0.09338153025217316,6051.7661467435155
2031,4,90682,Renter,80 to 100,0.28533903548285555,0.08387857577601948,2170.3677452268016
2031,4,90682,Owner,Greater than 100,0.7146609645171444,0.5482905788186693,35533.004808475074
2031,4,90682,Renter,Greater than 100,0.28533903548285555,0.26308581862446745,6807.375658044698
2032,4,90757,Owner,Less than 30,0.7146609645171444,0.10697488393756675,6938.4428717703795
2032,4,90757,Renter,Less than 30,0.28533903548285555,0.29005629945222156,7511.447264162207
2032,4,90757,Owner,30 to 50,0.7146609645171444,0.1036031246994021,6719.748931751494
2032,4,90757,Renter,30 to 50,0.28533903548285555,0.17213177115033476,4457.612966601178
2032,4,90757,Owner,50 to 80,0.7146609645171444,0.14774988229218874,9583.129047314093
2032,4,90757,Renter,50 to 80,0.28533903548285555,0.19084753499695678,4942.286022859251
2032,4,90757,Owner,80 to 100,0.7146609645171444,0.09338153025217316,6056.771356829373
2032,4,90757,Renter,80 to 100,0.28533903548285555,0.08387857577601948,2172.162782620022
2032,4,90757,Owner,Greater than 100,0.7146609645171444,0.5482905788186693,35562.39294901714
2032,4,90757,Renter,Greater than 100,0.28533903548285555,0.26308581862446745,6813.005807074862
2033,4,90860,Owner,Less than 30,0.7146609645171444,0.10697488393756675,6946.317301464974
2033,4,90860,Renter,Less than 30,0.28533903548285555,0.29005629945222156,7519.971995788514
2033,4,90860,Owner,30 to 50,0.7146609645171444,0.1036031246994021,6727.375165981034
2033,4,90860,Renter,30 to 50,0.28533903548285555,0.17213177115033476,4462.671905697446
2033,4,90860,Owner,50 to 80,0.7146609645171444,0.14774988229218874,9594.004927872873
2033,4,90860,Renter,50 to 80,0.28533903548285555,0.19084753499695678,4947.895016769963
2033,4,90860,Owner,80 to 100,0.7146609645171444,0.09338153025217316,6063.645178680618
2033,4,90860,Renter,80 to 100,0.28533903548285555,0.08387857577601948,2174.6279673067115
2033,4,90860,Owner,Greater than 100,0.7146609645171444,0.5482905788186693,35602.752662028244
2033,4,90860,Renter,Greater than 100,0.28533903548285555,0.26308581862446745,6820.737878409622
2034,4,90968,Owner,Less than 30,0.7146609645171444,0.10697488393756675,6954.573985028239
2034,4,90968,Renter,Less than 30,0.28533903548285555,0.29005629945222156,7528.910549338428
2034,4,90968,Owner,30 to 50,0.7146609645171444,0.1036031246994021,6735.371605755698
2034,4,90968,Renter,30 to 50,0.28533903548285555,0.17213177115033476,4467.976424361493
2034,4,90968,Owner,50 to 80,0.7146609645171444,0.14774988229218874,9605.408763798587
2034,4,90968,Renter,50 to 80,0.28533903548285555,0.19084753499695678,4953.776291938477
2034,4,90968,Owner,80 to 100,0.7146609645171444,0.09338153025217316,6070.852681204254
2034,4,90968,Renter,80 to 100,0.28533903548285555,0.08387857577601948,2177.2128211529484
2034,4,90968,Owner,Greater than 100,0.7146609645171444,0.5482905788186693,35645.07158440882
2034,4,90968,Renter,Greater than 100,0.28533903548285555,0.26308581862446745,6828.845293013058
2035,4,91022,Owner,Less than 30,0.7146609645171444,0.10697488393756675,6958.702326809871
2035,4,91022,Renter,Less than 30,0.28533903548285555,0.29005629945222156,7533.379826113384
2035,4,91022,Owner,30 to 50,0.7146609645171444,0.1036031246994021,6739.36982564303
2035,4,91022,Renter,30 to 50,0.28533903548285555,0.17213177115033476,4470.628683693517
2035,4,91022,Owner,50 to 80,0.7146609645171444,0.14774988229218874,9611.110681761442
2035,4,91022,Renter,50 to 80,0.28533903548285555,0.19084753499695678,4956.716929522734
2035,4,91022,Owner,80 to 100,0.7146609645171444,0.09338153025217316,6074.4564324660705
2035,4,91022,Renter,80 to 100,0.28533903548285555,0.08387857577601948,2178.5052480760673
2035,4,91022,Owner,Greater than 100,0.7146609645171444,0.5482905788186693,35666.23104559911
2035,4,91022,Renter,Greater than 100,0.28533903548285555,0.26308581862446745,6832.899000314776
2036,4,91077,Owner,Less than 30,0.7146609645171444,0.10697488393756675,6962.907119365237
2036,4,91077,Renter,Less than 30,0.28533903548285555,0.29005629945222156,7537.931867273062
2036,4,91077,Owner,30 to 50,0.7146609645171444,0.1036031246994021,6743.442086639386
2036,4,91077,Renter,30 to 50,0.28533903548285555,0.17213177115033476,4473.3300589390965
2036,4,91077,Owner,50 to 80,0.7146609645171444,0.14774988229218874,9616.918190797685
2036,4,91077,Renter,50 to 80,0.28533903548285555,0.19084753499695678,4959.712023358551
2036,4,91077,Owner,80 to 100,0.7146609645171444,0.09338153025217316,6078.126919862367
2036,4,91077,Renter,80 to 100,0.28533903548285555,0.08387857577601948,2179.8216088310955
2036,4,91077,Owner,Greater than 100,0.7146609645171444,0.5482905788186693,35687.78234866329
2036,4,91077,Renter,Greater than 100,0.28533903548285555,0.26308581862446745,6837.02777627023
2037,4,91123,Owner,Less than 30,0.7146609645171444,0.10697488393756675,6966.423854956997
2037,4,91123,Renter,Less than 30,0.28533903548285555,0.29005629945222156,7541.739028970248
2037,4,91123,Owner,30 to 50,0.7146609645171444,0.1036031246994021,6746.84797765452
2037,4,91123,Renter,30 to 50,0.28533903548285555,0.17213177115033476,4475.589390962672
2037,4,91123,Owner,50 to 80,0.7146609645171444,0.14774988229218874,9621.77538017345
2037,4,91123,Renter,50 to 80,0.28533903548285555,0.19084753499695678,4962.217010930326
2037,4,91123,Owner,80 to 100,0.7146609645171444,0.09338153025217316,6081.19678204836
2037,4,91123,Renter,80 to 100,0.28533903548285555,0.08387857577601948,2180.9225650989374
2037,4,91123,Owner,Greater than 100,0.7146609645171444,0.5482905788186693,35705.80707486242
2037,4,91123,Renter,Greater than 100,0.28533903548285555,0.26308581862446745,6840.480934342064
2038,4,91104,Owner,Less than 30,0.7146609645171444,0.10697488393756675,6964.971290256053
2038,4,91104,Renter,Less than 30,0.28533903548285555,0.29005629945222156,7540.166505660542
2038,4,91104,Owner,30 to 50,0.7146609645171444,0.1036031246994021,6745.441196583052
2038,4,91104,Renter,30 to 50,0.28533903548285555,0.17213177115033476,4474.656188605108
2038,4,91104,Owner,50 to 80,0.7146609645171444,0.14774988229218874,9619.769149779113
2038,4,91104,Renter,50 to 80,0.28533903548285555,0.19084753499695678,4961.18234215068
2038,4,91104,Owner,80 to 100,0.7146609645171444,0.09338153025217316,6079.928795493275
2038,4,91104,Renter,80 to 100,0.28533903548285555,0.08387857577601948,2180.467822292655
2038,4,91104,Owner,Greater than 100,0.7146609645171444,0.5482905788186693,35698.36207925843
2038,4,91104,Renter,Greater than 100,0.28533903548285555,0.26308581862446745,6839.054629921089
2039,4,91075,Owner,Less than 30,0.7146609645171444,0.10697488393756675,6962.754217817769
2039,4,91075,Renter,Less than 30,0.28533903548285555,0.29005629945222156,7537.76633850362
2039,4,91075,Owner,30 to 50,0.7146609645171444,0.1036031246994021,6743.2940044213365
2039,4,91075,Renter,30 to 50,0.28533903548285555,0.17213177115033476,4473.231827111985
2039,4,91075,Owner,50 to 80,0.7146609645171444,0.14774988229218874,9616.707008650912
2039,4,91075,Renter,50 to 80,0.28533903548285555,0.19084753499695678,4959.603110855431
2039,4,91075,Owner,80 to 100,0.7146609645171444,0.09338153025217316,6077.993447593411
2039,4,91075,Renter,80 to 100,0.28533903548285555,0.08387857577601948,2179.7737411672765
2039,4,91075,Owner,Greater than 100,0.7146609645171444,0.5482905788186693,35686.9986649155
2039,4,91075,Renter,Greater than 100,0.28533903548285555,0.26308581862446745,6836.877638962759
2040,4,91053,Owner,Less than 30,0.7146609645171444,0.10697488393756675,6961.072300795623
2040,4,91053,Renter,Less than 30,0.28533903548285555,0.29005629945222156,7535.9455220397485
2040,4,91053,Owner,30 to 50,0.7146609645171444,0.1036031246994021,6741.665100022795
2040,4,91053,Renter,30 to 50,0.28533903548285555,0.17213177115033476,4472.151277013752
2040,4,91053,Owner,50 to 80,0.7146609645171444,0.14774988229218874,9614.384005036416
2040,4,91053,Renter,50 to 80,0.28533903548285555,0.19084753499695678,4958.405073321104
2040,4,91053,Owner,80 to 100,0.7146609645171444,0.09338153025217316,6076.525252634892
2040,4,91053,Renter,80 to 100,0.28533903548285555,0.08387857577601948,2179.2471968652653
2040,4,91053,Owner,Greater than 100,0.7146609645171444,0.5482905788186693,35678.37814368983
2040,4,91053,Renter,Greater than 100,0.28533903548285555,0.26308581862446745,6835.226128580578
2041,4,91129,Owner,Less than 30,0.7146609645171444,0.10697488393756675,6966.882559599402
2041,4,91129,Renter,Less than 30,0.28533903548285555,0.29005629945222156,7542.235615278577
2041,4,91129,Owner,30 to 50,0.7146609645171444,0.1036031246994021,6747.292224308669
2041,4,91129,Renter,30 to 50,0.28533903548285555,0.17213177115033476,4475.884086444008
2041,4,91129,Owner,50 to 80,0.7146609645171444,0.14774988229218874,9622.408926613769
2041,4,91129,Renter,50 to 80,0.28533903548285555,0.19084753499695678,4962.543748439688
2041,4,91129,Owner,80 to 100,0.7146609645171444,0.09338153025217316,6081.597198855228
2041,4,91129,Renter,80 to 100,0.28533903548285555,0.08387857577601948,2181.066168090395
2041,4,91129,Owner,Greater than 100,0.7146609645171444,0.5482905788186693,35708.158126105795
2041,4,91129,Renter,Greater than 100,0.28533903548285555,0.26308581862446745,6840.931346264478
2042,4,91172,Owner,Less than 30,0.7146609645171444,0.10697488393756675,6970.16994286996
2042,4,91172,Renter,Less than 30,0.28533903548285555,0.29005629945222156,7545.794483821597
2042,4,91172,Owner,30 to 50,0.7146609645171444,0.1036031246994021,6750.475991996729
2042,4,91172,Renter,30 to 50,0.28533903548285555,0.17213177115033476,4477.996070726916
2042,4,91172,Owner,50 to 80,0.7146609645171444,0.14774988229218874,9626.949342769376
2042,4,91172,Renter,50 to 80,0.28533903548285555,0.19084753499695678,4964.88536725678
2042,4,91172,Owner,80 to 100,0.7146609645171444,0.09338153025217316,6084.466852637786
2042,4,91172,Renter,80 to 100,0.28533903548285555,0.08387857577601948,2182.095322862508
2042,4,91172,Owner,Greater than 100,0.7146609645171444,0.5482905788186693,35725.00732668324
2042,4,91172,Renter,Greater than 100,0.28533903548285555,0.26308581862446745,6844.159298375104
2043,4,91191,Owner,Less than 30,0.7146609645171444,0.10697488393756675,6971.622507570905
2043,4,91191,Renter,Less than 30,0.28533903548285555,0.29005629945222156,7547.3670071313045
2043,4,91191,Owner,30 to 50,0.7146609645171444,0.1036031246994021,6751.882773068198
2043,4,91191,Renter,30 to 50,0.28533903548285555,0.17213177115033476,4478.929273084479
2043,4,91191,Owner,50 to 80,0.7146609645171444,0.14774988229218874,9628.955573163716
2043,4,91191,Renter,50 to 80,0.28533903548285555,0.19084753499695678,4965.920036036427
2043,4,91191,Owner,80 to 100,0.7146609645171444,0.09338153025217316,6085.734839192871
2043,4,91191,Renter,80 to 100,0.28533903548285555,0.08387857577601948,2182.5500656687905
2043,4,91191,Owner,Greater than 100,0.7146609645171444,0.5482905788186693,35732.45232228723
2043,4,91191,Renter,Greater than 100,0.28533903548285555,0.26308581862446745,6845.585602796079
2044,4,91168,Owner,Less than 30,0.7146609645171444,0.10697488393756675,6969.864139775025
2044,4,91168,Renter,Less than 30,0.28533903548285555,0.29005629945222156,7545.463426282713
2044,4,91168,Owner,30 to 50,0.7146609645171444,0.1036031246994021,6750.179827560631
2044,4,91168,Renter,30 to 50,0.28533903548285555,0.17213177115033476,4477.799607072692
2044,4,91168,Owner,50 to 80,0.7146609645171444,0.14774988229218874,9626.526978475831
2044,4,91168,Renter,50 to 80,0.28533903548285555,0.19084753499695678,4964.66754225054
2044,4,91168,Owner,80 to 100,0.7146609645171444,0.09338153025217316,6084.199908099874
2044,4,91168,Renter,80 to 100,0.28533903548285555,0.08387857577601948,2181.99958753487
2044,4,91168,Owner,Greater than 100,0.7146609645171444,0.5482905788186693,35723.439959187664
2044,4,91168,Renter,Greater than 100,0.28533903548285555,0.26308581862446745,6843.859023760163
2045,4,91163,Owner,Less than 30,0.7146609645171444,0.10697488393756675,6969.481885906355
2045,4,91163,Renter,Less than 30,0.28533903548285555,0.29005629945222156,7545.049604359106
2045,4,91163,Owner,30 to 50,0.7146609645171444,0.1036031246994021,6749.809622015508
2045,4,91163,Renter,30 to 50,0.28533903548285555,0.17213177115033476,4477.554027504912
2045,4,91163,Owner,50 to 80,0.7146609645171444,0.14774988229218874,9625.999023108901
2045,4,91163,Renter,50 to 80,0.28533903548285555,0.19084753499695678,4964.395260992738
2045,4,91163,Owner,80 to 100,0.7146609645171444,0.09338153025217316,6083.866227427484
2045,4,91163,Renter,80 to 100,0.28533903548285555,0.08387857577601948,2181.8799183753217
2045,4,91163,Owner,Greater than 100,0.7146609645171444,0.5482905788186693,35721.4807498182
2045,4,91163,Renter,Greater than 100,0.28533903548285555,0.26308581862446745,6843.483680491485
2046,4,91140,Owner,Less than 30,0.7146609645171444,0.10697488393756675,6967.723518110474
2046,4,91140,Renter,Less than 30,0.28533903548285555,0.29005629945222156,7543.146023510512
2046,4,91140,Owner,30 to 50,0.7146609645171444,0.1036031246994021,6748.1066765079395
2046,4,91140,Renter,30 to 50,0.28533903548285555,0.17213177115033476,4476.424361493124
2046,4,91140,Owner,50 to 80,0.7146609645171444,0.14774988229218874,9623.570428421017
2046,4,91140,Renter,50 to 80,0.28533903548285555,0.19084753499695678,4963.142767206851
2046,4,91140,Owner,80 to 100,0.7146609645171444,0.09338153025217316,6082.331296334487
2046,4,91140,Renter,80 to 100,0.28533903548285555,0.08387857577601948,2181.329440241401
2046,4,91140,Owner,Greater than 100,0.7146609645171444,0.5482905788186693,35712.468386718625
2046,4,91140,Renter,Greater than 100,0.28533903548285555,0.26308581862446745,6841.757101455568
2047,4,91125,Owner,Less than 30,0.7146609645171444,0.10697488393756675,6966.576756504466
2047,4,91125,Renter,Less than 30,0.28533903548285555,0.29005629945222156,7541.904557739691
2047,4,91125,Owner,30 to 50,0.7146609645171444,0.1036031246994021,6746.99605987257
2047,4,91125,Renter,30 to 50,0.28533903548285555,0.17213177115033476,4475.687622789784
2047,4,91125,Owner,50 to 80,0.7146609645171444,0.14774988229218874,9621.986562320224
2047,4,91125,Renter,50 to 80,0.28533903548285555,0.19084753499695678,4962.325923433446
2047,4,91125,Owner,80 to 100,0.7146609645171444,0.09338153025217316,6081.330254317316
2047,4,91125,Renter,80 to 100,0.28533903548285555,0.08387857577601948,2180.9704327627564
2047,4,91125,Owner,Greater than 100,0.7146609645171444,0.5482905788186693,35706.59075861022
2047,4,91125,Renter,Greater than 100,0.28533903548285555,0.26308581862446745,6840.631071649535
2048,4,91082,Owner,Less than 30,0.7146609645171444,0.10697488393756675,6963.289373233907
2048,4,91082,Renter,Less than 30,0.28533903548285555,0.29005629945222156,7538.34568919667
2048,4,91082,Owner,30 to 50,0.7146609645171444,0.1036031246994021,6743.81229218451
2048,4,91082,Renter,30 to 50,0.28533903548285555,0.17213177115033476,4473.575638506876
2048,4,91082,Owner,50 to 80,0.7146609645171444,0.14774988229218874,9617.446146164617
2048,4,91082,Renter,50 to 80,0.28533903548285555,0.19084753499695678,4959.984304616352
2048,4,91082,Owner,80 to 100,0.7146609645171444,0.09338153025217316,6078.460600534758
2048,4,91082,Renter,80 to 100,0.28533903548285555,0.08387857577601948,2179.9412779906434
2048,4,91082,Owner,Greater than 100,0.7146609645171444,0.5482905788186693,35689.741558032765
2048,4,91082,Renter,Greater than 100,0.28533903548285555,0.26308581862446745,6837.403119538907
2049,4,91054,Owner,Less than 30,0.7146609645171444,0.10697488393756675,6961.148751569357
2049,4,91054,Renter,Less than 30,0.28533903548285555,0.29005629945222156,7536.02828642447
2049,4,91054,Owner,30 to 50,0.7146609645171444,0.1036031246994021,6741.7391411318185
2049,4,91054,Renter,30 to 50,0.28533903548285555,0.17213177115033476,4472.200392927309
2049,4,91054,Owner,50 to 80,0.7146609645171444,0.14774988229218874,9614.489596109801
2049,4,91054,Renter,50 to 80,0.28533903548285555,0.19084753499695678,4958.459529572664
2049,4,91054,Owner,80 to 100,0.7146609645171444,0.09338153025217316,6076.59198876937
2049,4,91054,Renter,80 to 100,0.28533903548285555,0.08387857577601948,2179.2711306971746
2049,4,91054,Owner,Greater than 100,0.7146609645171444,0.5482905788186693,35678.769985563726
2049,4,91054,Renter,Greater than 100,0.28533903548285555,0.26308581862446745,6835.301197234313
2050,4,90997,Owner,Less than 30,0.7146609645171444,0.10697488393756675,6956.791057466523
2050,4,90997,Renter,Less than 30,0.28533903548285555,0.29005629945222156,7531.310716495349
2050,4,90997,Owner,30 to 50,0.7146609645171444,0.1036031246994021,6737.518797917413
2050,4,90997,Renter,30 to 50,0.28533903548285555,0.17213177115033476,4469.400785854617
2050,4,90997,Owner,50 to 80,0.7146609645171444,0.14774988229218874,9608.470904926786
2050,4,90997,Renter,50 to 80,0.28533903548285555,0.19084753499695678,4955.355523233727
2050,4,90997,Owner,80 to 100,0.7146609645171444,0.09338153025217316,6072.788029104118
2050,4,90997,Renter,80 to 100,0.28533903548285555,0.08387857577601948,2177.9069022783274
2050,4,90997,Owner,Greater than 100,0.7146609645171444,0.5482905788186693,35656.434998751756
2050,4,90997,Renter,Greater than 100,0.28533903548285555,0.26308581862446745,6831.022283971389
2010,2,128909,Owner,Less than 30,0.7197910877658462,0.08233155115730748,7639.342864655229
2010,2,128909,Renter,Less than 30,0.2802089122341538,0.22771960504147917,8225.562479458358
2010,2,128909,Owner,30 to 50,0.7197910877658462,0.09687676418822436,8988.957536317623
2010,2,128909,Renter,30 to 50,0.2802089122341538,0.12341387473075857,4457.888187734175
2010,2,128909,Owner,50 to 80,0.7197910877658462,0.15688407000298873,14556.888384933936
2010,2,128909,Renter,50 to 80,0.2802089122341538,0.2356102450363609,8510.583842766055
2010,2,128909,Owner,80 to 100,0.7197910877658462,0.09518314349284362,8831.81062249392
2010,2,128909,Renter,80 to 100,0.2802089122341538,0.10859226717280501,3922.5102215210677
2010,2,128909,Owner,Greater than 100,0.7197910877658462,0.5687244711586358,52770.549924406754
2010,2,128909,Renter,Greater than 100,0.2802089122341538,0.30466400801859633,11004.905935712877
2011,2,131004,Owner,Less than 30,0.6987252736842728,0.06902570881420848,6318.323874031225
2011,2,131004,Renter,Less than 30,0.30127472631572716,0.18818905374864892,7427.482128372578
2011,2,131004,Owner,30 to 50,0.6987252736842728,0.09317538597115596,8528.884031284968
2011,2,131004,Renter,30 to 50,0.30127472631572716,0.17028593888179228,6720.878513194276
2011,2,131004,Owner,50 to 80,0.6987252736842728,0.18236819360414866,16693.219545408792
2011,2,131004,Renter,50 to 80,0.30127472631572716,0.19151026825194065,7558.56446752201
2011,2,131004,Owner,80 to 100,0.6987252736842728,0.09966614130526887,9123.020550743342
2011,2,131004,Renter,80 to 100,0.30127472631572716,0.09419278765844552,3717.6192399007696
2011,2,131004,Owner,Greater than 100,0.6987252736842728,0.555764570305218,50872.357752266136
2011,2,131004,Renter,Greater than 100,0.30127472631572716,0.35582195145917267,14043.649897275887
2012,2,131445,Owner,Less than 30,0.7041557009882696,0.07801285514260829,7220.69404010527
2012,2,131445,Renter,Less than 30,0.29584429901173037,0.20961477904901857,8151.343130633252
2012,2,131445,Owner,30 to 50,0.7041557009882696,0.0687408354740196,6362.496797633742
2012,2,131445,Renter,30 to 50,0.29584429901173037,0.1944736013435499,7562.544309104035
2012,2,131445,Owner,50 to 80,0.7041557009882696,0.166730979129687,15432.243636024874
2012,2,131445,Renter,50 to 80,0.29584429901173037,0.25495958853783984,9914.678249528379
2012,2,131445,Owner,80 to 100,0.7041557009882696,0.1041861900929407,9643.238931457716
2012,2,131445,Renter,80 to 100,0.29584429901173037,0.0855201007662433,3325.641870647693
2012,2,131445,Owner,Greater than 100,0.7041557009882696,0.5823291401607444,53899.0727111815
2012,2,131445,Renter,Greater than 100,0.29584429901173037,0.2554319303033484,9933.046323683535
2013,2,132263,Owner,Less than 30,0.7032500206219583,0.059128496862354114,5499.775492864803
2013,2,132263,Renter,Less than 30,0.29674997937804176,0.20939541348158444,8218.569487750558
2013,2,132263,Owner,30 to 50,0.7032500206219583,0.09041111958242919,8409.496032335232
2013,2,132263,Renter,30 to 50,0.29674997937804176,0.13979152189020153,5486.683386950425
2013,2,132263,Owner,50 to 80,0.7032500206219583,0.16216057709225265,15083.197022189228
2013,2,132263,Renter,50 to 80,0.29674997937804176,0.30807505211952746,12091.650820753941
2013,2,132263,Owner,80 to 100,0.7032500206219583,0.09208844056067093,8565.510294481564
2013,2,132263,Renter,80 to 100,0.29674997937804176,0.08883947185545518,3486.8642085292427
2013,2,132263,Owner,Greater than 100,0.7032500206219583,0.5962113659022931,55455.97863565124
2013,2,132263,Renter,Greater than 100,0.29674997937804176,0.2538985406532314,9965.274618493773
2014,2,133015,Owner,Less than 30,0.7204135719661028,0.07875374693432646,7546.641690933481
2014,2,133015,Renter,Less than 30,0.2795864280338972,0.20708016383850206,7701.143294179238
2014,2,133015,Owner,30 to 50,0.7204135719661028,0.10290444182032882,9860.90162124137
2014,2,133015,Renter,30 to 50,0.2795864280338972,0.14113516676418958,5248.702352517751
2014,2,133015,Owner,50 to 80,0.7204135719661028,0.1543282768643837,14788.632333213362
2014,2,133015,Renter,50 to 80,0.2795864280338972,0.2427442949093037,9027.463395281879
2014,2,133015,Owner,80 to 100,0.7204135719661028,0.1206285766191298,11559.331217485194
2014,2,133015,Renter,80 to 100,0.2795864280338972,0.14666471620830895,5454.341810358932
2014,2,133015,Owner,Greater than 100,0.7204135719661028,0.5433849577618313,52070.30441219776
2014,2,133015,Renter,Greater than 100,0.2795864280338972,0.2623756582796957,9757.537872591043
2015,2,134406,Owner,Less than 30,0.6791858920715838,0.07871950805959352,7186.0408896532135
2015,2,134406,Renter,Less than 30,0.32081410792841625,0.1557182855912126,6714.4698548210035
2015,2,134406,Owner,30 to 50,0.6791858920715838,0.10734067325300116,9798.771437126208
2015,2,134406,Renter,30 to 50,0.32081410792841625,0.1542585014478187,6651.524924569876
2015,2,134406,Owner,50 to 80,0.6791858920715838,0.1540704903578776,14064.580316768135
2015,2,134406,Renter,50 to 80,0.32081410792841625,0.2537152702993754,10940.03525446631
2015,2,134406,Owner,80 to 100,0.6791858920715838,0.09850111907399453,8991.838068988814
2015,2,134406,Renter,80 to 100,0.32081410792841625,0.09285184387488932,4003.710317612646
2015,2,134406,Owner,Greater than 100,0.6791858920715838,0.5613682092555332,51245.42829723692
2015,2,134406,Renter,Greater than 100,0.32081410792841625,0.343456098786704,14809.600638756883
2016,2,135919,Owner,Less than 30,0.7165165867539859,0.08067113509749303,7856.418087553112
2016,2,135919,Renter,Less than 30,0.2834834132460141,0.2007645554302687,7735.615327641991
2016,2,135919,Owner,30 to 50,0.7165165867539859,0.09292305013927576,9049.610260008576
2016,2,135919,Renter,30 to 50,0.2834834132460141,0.2229311625092819,8589.7120336802709
2016,2,135919,Owner,50 to 80,0.7165165867539859,0.16122258008356546,15701.179768448135
2016,2,135919,Renter,50 to 80,0.2834834132460141,0.15414867577899397,5939.469028963474
2016,2,135919,Owner,80 to 100,0.7165165867539859,0.10705736420612813,10426.125918995827
2016,2,135919,Renter,80 to 100,0.2834834132460141,0.11322570886389263,4362.675110123572
2016,2,135919,Owner,Greater than 100,0.7165165867539859,0.5581258704735376,54354.88392000935
2016,2,135919,Renter,Greater than 100,0.2834834132460141,0.30892989741756277,11903.310544575683
2017,2,137524,Owner,Less than 30,0.7217688026614433,0.08418320643570221,8356.06992506918
2017,2,137524,Renter,Less than 30,0.2782311973385567,0.15848582204218467,6064.217050648261
2017,2,137524,Owner,30 to 50,0.7217688026614433,0.09384322129726354,9314.928147249946
2017,2,137524,Renter,30 to 50,0.2782311973385567,0.15415560832518507,5898.528060193389
2017,2,137524,Owner,50 to 80,0.7217688026614433,0.1704125698654921,16915.242483599166
2017,2,137524,Renter,50 to 80,0.2782311973385567,0.2930018158960749,11211.265367036656
2017,2,137524,Owner,80 to 100,0.7217688026614433,0.09688014904638315,9616.375213754936
2017,2,137524,Renter,80 to 100,0.2782311973385567,0.10333845509149323,3954.0875851133287
2017,2,137524,Owner,Greater than 100,0.7217688026614433,0.554680853355159,55057.9170475391
2017,2,137524,Renter,Greater than 100,0.2782311973385567,0.2910182986450622,11135.36911979604
2018,2,138988,Owner,Less than 30,0.7313268961220993,0.08262614862059052,8398.589627783835
2018,2,138988,Renter,Less than 30,0.26867310387790067,0.17470944555545895,6524.059056221772
2018,2,138988,Owner,30 to 50,0.7313268961220993,0.07309645751035489,7429.937860146394
2018,2,138988,Renter,30 to 50,0.26867310387790067,0.14874068921543054,5554.324996106526
2018,2,138988,Owner,50 to 80,0.7313268961220993,0.17137472449077376,17419.497430306805
2018,2,138988,Renter,50 to 80,0.26867310387790067,0.24835521548850825,9274.164242329856
2018,2,138988,Owner,80 to 100,0.7313268961220993,0.09340162057987372,9493.869615324717
2018,2,138988,Renter,80 to 100,0.26867310387790067,0.13575631104541633,5069.457966048902
2018,2,138988,Owner,Greater than 100,0.7313268961220993,0.5795010487984071,58903.7681046566
2018,2,138988,Renter,Greater than 100,0.26867310387790067,0.29243833869518593,10920.331101074598
2019,2,139925,Owner,Less than 30,0.7419215855234813,0.06862339809838776,7124.026756438998
2019,2,139925,Renter,Less than 30,0.25807841447651875,0.15115588127104496,5458.484069549215
2019,2,139925,Owner,30 to 50,0.7419215855234813,0.10359455894801078,10754.501091726974
2019,2,139925,Renter,30 to 50,0.25807841447651875,0.16697320392744971,6029.673248672767
2019,2,139925,Owner,50 to 80,0.7419215855234813,0.15590858087757634,16185.396417382923
2019,2,139925,Renter,50 to 80,0.25807841447651875,0.2566424266432755,9267.774337478731
2019,2,139925,Owner,80 to 100,0.7419215855234813,0.10301383885509557,10694.21457729354
2019,2,139925,Renter,80 to 100,0.25807841447651875,0.11920998273959424,4304.8658526789295
2019,2,139925,Owner,Greater than 100,0.7419215855234813,0.5688596232209295,59055.239011530684
2019,2,139925,Renter,Greater than 100,0.25807841447651875,0.30601850541863557,11050.82463724724
2020,2,141407,Owner,Less than 30,0.7549922150167037,0.09733707077785564,10391.820937825949
2020,2,141407,Renter,Less than 30,0.2450077849832963,0.20693484698914116,7169.426601968165
2020,2,141407,Owner,30 to 50,0.7549922150167037,0.0866853538892782,9254.631029582935
2020,2,141407,Renter,30 to 50,0.2450077849832963,0.24204096742349457,8385.70678578447
2020,2,141407,Owner,50 to 80,0.7549922150167037,0.1956952647912704,20892.65820144211
2020,2,141407,Renter,50 to 80,0.2450077849832963,0.22476554787759132,7787.185781446043
2020,2,141407,Owner,80 to 100,0.7549922150167037,0.09600560616678346,10249.672199295572
2020,2,141407,Renter,80 to 100,0.2450077849832963,0.09705083909180652,3362.405499372667
2020,2,141407,Owner,Greater than 100,0.7549922150167037,0.5242767043748123,55972.40178072045
2020,2,141407,Renter,Greater than 100,0.2450077849832963,0.22920779861796645,7941.091182561639
2021,2,143199,Owner,Less than 30,0.7322597538622676,0.085334843157121,8948.114755171511
2021,2,143199,Renter,Less than 30,0.2677402461377324,0.2254550393914697,8643.976760932183
2021,2,143199,Owner,30 to 50,0.7322597538622676,0.1116673619802531,11709.312778214193
2021,2,143199,Renter,30 to 50,0.2677402461377324,0.20081499592502036,7699.274155538099
2021,2,143199,Owner,50 to 80,0.7322597538622676,0.14789319983312474,15507.913000785547
2021,2,143199,Renter,50 to 80,0.2677402461377324,0.2004346644933442,7684.692196910187
2021,2,143199,Owner,80 to 100,0.7322597538622676,0.0857023660528041,8986.652788688138
2021,2,143199,Renter,80 to 100,0.2677402461377324,0.11026894865525673,4227.7264336213675
2021,2,143199,Owner,Greater than 100,0.7322597538622676,0.569402228976697,59706.87117046347
2021,2,143199,Renter,Greater than 100,0.2677402461377324,0.263026351534909,10084.465959675308
2022,2,145328,Owner,Less than 30,0.7185925439105166,0.09971576389573825,10413.478486101982
2022,2,145328,Renter,Less than 30,0.28140745608948337,0.18211791642816255,7447.964021082201
2022,2,145328,Owner,30 to 50,0.7185925439105166,0.08504667031301837,8881.56132008608
2022,2,145328,Renter,30 to 50,0.28140745608948337,0.1492386949055524,6103.322792232058
2022,2,145328,Owner,50 to 80,0.7185925439105166,0.16076824446098253,16789.28776691022
2022,2,145328,Renter,50 to 80,0.28140745608948337,0.26058385804235834,10656.937204417467
2022,2,145328,Owner,80 to 100,0.7185925439105166,0.10957884637800712,11443.496140513653
2022,2,145328,Renter,80 to 100,0.28140745608948337,0.07514596451058958,3073.198128890091
2022,2,145328,Owner,Greater than 100,0.7185925439105166,0.5448904749522537,56903.79350781562
2022,2,145328,Renter,Greater than 100,0.28140745608948337,0.33291356611333717,13614.960631950618
2023,2,147454,Owner,Less than 30,0.7323626595369016,0.10278024125847031,11099.21806739646
2023,2,147454,Renter,Less than 30,0.2676373404630984,0.16127512192823315,6364.593086313877
2023,2,147454,Owner,30 to 50,0.7323626595369016,0.09479856381467354,10237.27828784745
2023,2,147454,Renter,30 to 50,0.2676373404630984,0.09947458944937916,3925.684734903899
2023,2,147454,Owner,50 to 80,0.7323626595369016,0.16696084931247362,18030.069326035413
2023,2,147454,Renter,50 to 80,0.2676373404630984,0.23332469429587918,9207.971560813197
2023,2,147454,Owner,80 to 100,0.7323626595369016,0.11717653541815552,12653.871046259397
2023,2,147454,Renter,80 to 100,0.2676373404630984,0.16384327215324082,6465.943071179942
2023,2,147454,Owner,Greater than 100,0.7323626595369016,0.518283810196227,55969.366871815575
2023,2,147454,Renter,Greater than 100,0.2676373404630984,0.34208232217326767,13500.003947434798
2024,2,148792,Owner,Less than 30,0.7492154609278701,0.09754566119315201,10874.123704096277
2024,2,148792,Renter,Less than 30,0.25078453907212994,0.25966995132375637,9689.514937504837
2024,2,148792,Owner,30 to 50,0.7492154609278701,0.08568726255384762,9552.181834422063
2024,2,148792,Renter,30 to 50,0.25078453907212994,0.15949186750563932,5951.396473593635
2024,2,148792,Owner,50 to 80,0.7492154609278701,0.1431114784847955,15953.67647811925
2024,2,148792,Renter,50 to 80,0.25078453907212994,0.16977323993826426,6335.043142205522
2024,2,148792,Owner,80 to 100,0.7492154609278701,0.10106662003846827,11266.630572907054
2024,2,148792,Renter,80 to 100,0.25078453907212994,0.12909889588032766,4817.290848135863
2024,2,148792,Owner,Greater than 100,0.7492154609278701,0.5725889777297366,63830.654272835
2024,2,148792,Renter,Greater than 100,0.25078453907212994,0.28196604535201236,10521.487736180501
2025,2,149288,Owner,Less than 30,0.7338012409724342,0.09995021019219998,10949.317606322358
2025,2,149288,Renter,Less than 30,0.2661987590275659,0.20068937013093355,7975.451829801193
2025,2,149288,Owner,30 to 50,0.7338012409724342,0.08847875163372806,9692.645480041268
2025,2,149288,Renter,30 to 50,0.2661987590275659,0.13613500425007602,5410.04323267299
2025,2,149288,Owner,50 to 80,0.7338012409724342,0.15651822137227497,17146.214236930657
2025,2,149288,Renter,50 to 80,0.2661987590275659,0.22173699437742234,8811.890317799382
2025,2,149288,Owner,80 to 100,0.7338012409724342,0.10904533701476153,11945.66800977333
2025,2,149288,Renter,80 to 100,0.2661987590275659,0.12222282875702821,4857.169478471889
2025,2,149288,Owner,Greater than 100,0.7338012409724342,0.5460074797870355,59813.87432922513
2025,2,149288,Renter,Greater than 100,0.2661987590275659,0.31921580248453985,12685.725478961802
2026,2,149515,Owner,Less than 30,0.7338012409724342,0.09995021019219998,10965.966600860667
2026,2,149515,Renter,Less than 30,0.2661987590275659,0.20068937013093355,7987.578910111498
2026,2,149515,Owner,30 to 50,0.7338012409724342,0.08847875163372806,9707.383640670183
2026,2,149515,Renter,30 to 50,0.2661987590275659,0.13613500425007602,5418.269478679479
2026,2,149515,Owner,50 to 80,0.7338012409724342,0.15651822137227497,17172.285928103312
2026,2,149515,Renter,50 to 80,0.2661987590275659,0.22173699437742234,8825.289245389948
2026,2,149515,Owner,80 to 100,0.7338012409724342,0.10904533701476153,11963.832005795908
2026,2,149515,Renter,80 to 100,0.2661987590275659,0.12222282875702821,4864.55505180406
2026,2,149515,Owner,Greater than 100,0.7338012409724342,0.5460074797870355,59904.82436856342
2026,2,149515,Renter,Greater than 100,0.2661987590275659,0.31921580248453985,12705.014770021528
2027,2,150340,Owner,Less than 30,0.7338012409724342,0.09995021019219998,11026.475061187124
2027,2,150340,Renter,Less than 30,0.2661987590275659,0.20068937013093355,8031.653100666573
2027,2,150340,Owner,30 to 50,0.7338012409724342,0.08847875163372806,9760.947440312713
2027,2,150340,Renter,30 to 50,0.2661987590275659,0.13613500425007602,5448.166628262535
2027,2,150340,Owner,50 to 80,0.7338012409724342,0.15651822137227497,17267.039871792473
2027,2,150340,Renter,50 to 80,0.2661987590275659,0.22173699437742234,8873.98578839531
2027,2,150340,Owner,80 to 100,0.7338012409724342,0.10904533701476153,12029.846528785452
2027,2,150340,Renter,80 to 100,0.2661987590275659,0.12222282875702821,4891.396893209527
2027,2,150340,Owner,Greater than 100,0.7338012409724342,0.5460074797870355,60235.36966571799
2027,2,150340,Renter,Greater than 100,0.2661987590275659,0.31921580248453985,12775.11902167031
2028,2,151101,Owner,Less than 30,0.7338012409724342,0.09995021019219998,11082.289531864013
2028,2,151101,Renter,Less than 30,0.2661987590275659,0.20068937013093355,8072.308202499799
2028,2,151101,Owner,30 to 50,0.7338012409724342,0.08847875163372806,9810.355987619338
2028,2,151101,Renter,30 to 50,0.2661987590275659,0.13613500425007602,5475.74448381733
2028,2,151101,Owner,50 to 80,0.7338012409724342,0.15651822137227497,17354.44320651666
2028,2,151101,Renter,50 to 80,0.2661987590275659,0.22173699437742234,8918.904660185712
2028,2,151101,Owner,80 to 100,0.7338012409724342,0.10904533701476153,12090.73992514308
2028,2,151101,Renter,80 to 100,0.2661987590275659,0.12222282875702821,4916.156458433236
2028,2,151101,Owner,Greater than 100,0.7338012409724342,0.5460074797870355,60540.27266103268
2028,2,151101,Renter,Greater than 100,0.2661987590275659,0.31921580248453985,12839.784882888158
2029,2,151968,Owner,Less than 30,0.7338012409724342,0.09995021019219998,11145.878422897997
2029,2,151968,Renter,Less than 30,0.2661987590275659,0.20068937013093355,8118.626170028588
2029,2,151968,Owner,30 to 50,0.7338012409724342,0.08847875163372806,9866.646671607306
2029,2,151968,Renter,30 to 50,0.2661987590275659,0.13613500425007602,5507.163670106432
2029,2,151968,Owner,50 to 80,0.7338012409724342,0.15651822137227497,17454.02098733909
2029,2,151968,Renter,50 to 80,0.2661987590275659,0.22173699437742234,8970.080299925892
2029,2,151968,Owner,80 to 100,0.7338012409724342,0.10904533701476153,12160.115187484818
2029,2,151968,Renter,80 to 100,0.2661987590275659,0.12222282875702821,4944.364793582981
2029,2,151968,Owner,Greater than 100,0.7338012409724342,0.5460074797870355,60887.645718769665
2029,2,151968,Renter,Greater than 100,0.2661987590275659,0.31921580248453985,12913.458078257243
2030,2,152952,Owner,Less than 30,0.7338012409724342,0.09995021019219998,11218.048513760097
2030,2,152952,Renter,Less than 30,0.2661987590275659,0.20068937013093355,8171.194659127003
2030,2,152952,Owner,30 to 50,0.7338012409724342,0.08847875163372806,9930.53367627185
2030,2,152952,Renter,30 to 50,0.2661987590275659,0.13613500425007602,5542.822815790949
2030,2,152952,Owner,50 to 80,0.7338012409724342,0.15651822137227497,17567.03660017562
2030,2,152952,Renter,50 to 80,0.2661987590275659,0.22173699437742234,9028.161994855924
2030,2,152952,Owner,80 to 100,0.7338012409724342,0.10904533701476153,12238.85250945053
2030,2,152952,Renter,80 to 100,0.2661987590275659,0.12222282875702821,4976.379789877502
2030,2,152952,Owner,Greater than 100,0.7338012409724342,0.5460074797870355,61281.89610955765
2030,2,152952,Renter,Greater than 100,0.2661987590275659,0.31921580248453985,12997.073331132882
2031,2,153912,Owner,Less than 30,0.7338012409724342,0.09995021019219998,11288.458358503609
2031,2,153912,Renter,Less than 30,0.2661987590275659,0.20068937013093355,8222.480989954727
2031,2,153912,Owner,30 to 50,0.7338012409724342,0.08847875163372806,9992.862461310431
2031,2,153912,Renter,30 to 50,0.2661987590275659,0.13613500425007602,5577.612226214868
2031,2,153912,Owner,50 to 80,0.7338012409724342,0.15651822137227497,17677.29573465028
2031,2,153912,Renter,50 to 80,0.2661987590275659,0.22173699437742234,9084.827063080345
2031,2,153912,Owner,80 to 100,0.7338012409724342,0.10904533701476153,12315.66940892927
2031,2,153912,Renter,80 to 100,0.2661987590275659,0.12222282875702821,5007.613932603863
2031,2,153912,Owner,Greater than 100,0.7338012409724342,0.5460074797870355,61666.53063715569
2031,2,153912,Renter,Greater than 100,0.2661987590275659,0.31921580248453985,13078.64918759692
2032,2,154966,Owner,Less than 30,0.7338012409724342,0.09995021019219998,11365.762500544923
2032,2,154966,Renter,Less than 30,0.2661987590275659,0.20068937013093355,8278.789107342664
2032,2,154966,Owner,30 to 50,0.7338012409724342,0.08847875163372806,10061.294273217372
2032,2,154966,Renter,30 to 50,0.2661987590275659,0.13613500425007602,5615.808099742796
2032,2,154966,Owner,50 to 80,0.7338012409724342,0.15651822137227497,17798.351076042254
2032,2,154966,Renter,50 to 80,0.2661987590275659,0.22173699437742234,9147.04058590174
2032,2,154966,Owner,80 to 100,0.7338012409724342,0.10904533701476153,12400.007963148639
2032,2,154966,Renter,80 to 100,0.2661987590275659,0.12222282875702821,5041.90641847218
2032,2,154966,Owner,Greater than 100,0.7338012409724342,0.5460074797870355,62088.82729558104
2032,2,154966,Renter,Greater than 100,0.2661987590275659,0.31921580248453985,13168.212680006394
2033,2,156009,Owner,Less than 30,0.7338012409724342,0.09995021019219998,11442.25986311522
2033,2,156009,Renter,Less than 30,0.2661987590275659,0.20068937013093355,8334.509568856534
2033,2,156009,Owner,30 to 50,0.7338012409724342,0.08847875163372806,10129.01190112908
2033,2,156009,Renter,30 to 50,0.2661987590275659,0.13613500425007602,5653.6053446096175
2033,2,156009,Owner,50 to 80,0.7338012409724342,0.15651822137227497,17918.14303151837
2033,2,156009,Renter,50 to 80,0.2661987590275659,0.22173699437742234,9208.604821483064
2033,2,156009,Owner,80 to 100,0.7338012409724342,0.10904533701476153,12483.466323728147
2033,2,156009,Renter,80 to 100,0.2661987590275659,0.12222282875702821,5075.841013121758
2033,2,156009,Owner,Greater than 100,0.7338012409724342,0.5460074797870355,62506.71668337766
2033,2,156009,Renter,Greater than 100,0.2661987590275659,0.31921580248453985,13256.841449060554
2034,2,157053,Owner,Less than 30,0.7338012409724342,0.09995021019219998,11518.830569273789
2034,2,157053,Renter,Less than 30,0.2661987590275659,0.20068937013093355,8390.283453631682
2034,2,157053,Owner,30 to 50,0.7338012409724342,0.08847875163372806,10196.794454858538
2034,2,157053,Renter,30 to 50,0.2661987590275659,0.13613500425007602,5691.438828445629
2034,2,157053,Owner,50 to 80,0.7338012409724342,0.15651822137227497,18038.04984025957
2034,2,157053,Renter,50 to 80,0.2661987590275659,0.22173699437742234,9270.228083177122
2034,2,157053,Owner,80 to 100,0.7338012409724342,0.10904533701476153,12567.004701911279
2034,2,157053,Renter,80 to 100,0.2661987590275659,0.12222282875702821,5109.808143336675
2034,2,157053,Owner,Greater than 100,0.7338012409724342,0.5460074797870355,62925.00673214053
2034,2,157053,Renter,Greater than 100,0.2661987590275659,0.31921580248453985,13345.555192965194
2035,2,158050,Owner,Less than 30,0.7338012409724342,0.09995021019219998,11591.954126783457
2035,2,158050,Renter,Less than 30,0.2661987590275659,0.20068937013093355,8443.546445126725
2035,2,158050,Owner,30 to 50,0.7338012409724342,0.08847875163372806,10261.525495153814
2035,2,158050,Renter,30 to 50,0.2661987590275659,0.13613500425007602,5727.569080729637
2035,2,158050,Owner,50 to 80,0.7338012409724342,0.15651822137227497,18152.558545542106
2035,2,158050,Renter,50 to 80,0.2661987590275659,0.22173699437742234,9329.077117572693
2035,2,158050,Owner,80 to 100,0.7338012409724342,0.10904533701476153,12646.782252724097
2035,2,158050,Renter,80 to 100,0.2661987590275659,0.12222282875702821,5142.246101980615
2035,2,158050,Owner,Greater than 100,0.7338012409724342,0.5460074797870355,63324.465715489736
2035,2,158050,Renter,Greater than 100,0.2661987590275659,0.31921580248453985,13430.275118897116
2036,2,158962,Owner,Less than 30,0.7338012409724342,0.09995021019219998,11658.843479289793
2036,2,158962,Renter,Less than 30,0.2661987590275659,0.20068937013093355,8492.268459413062
2036,2,158962,Owner,30 to 50,0.7338012409724342,0.08847875163372806,10320.737840940465
2036,2,158962,Renter,30 to 50,0.2661987590275659,0.13613500425007602,5760.61902063236
2036,2,158962,Owner,50 to 80,0.7338012409724342,0.15651822137227497,18257.304723293037
2036,2,158962,Renter,50 to 80,0.2661987590275659,0.22173699437742234,9382.908932385893
2036,2,158962,Owner,80 to 100,0.7338012409724342,0.10904533701476153,12719.758307228902
2036,2,158962,Renter,80 to 100,0.2661987590275659,0.12222282875702821,5171.918537570658
2036,2,158962,Owner,Greater than 100,0.7338012409724342,0.5460074797870355,63689.86851670787
2036,2,158962,Renter,Greater than 100,0.2661987590275659,0.31921580248453985,13507.772182537954
2037,2,159846,Owner,Less than 30,0.7338012409724342,0.09995021019219998,11723.679211324445
2037,2,159846,Renter,Less than 30,0.2661987590275659,0.20068937013093355,8539.49462238359
2037,2,159846,Owner,30 to 50,0.7338012409724342,0.08847875163372806,10378.132263830159
2037,2,159846,Renter,30 to 50,0.2661987590275659,0.13613500425007602,5792.65426939772
2037,2,159846,Owner,50 to 80,0.7338012409724342,0.15651822137227497,18358.83500962179
2037,2,159846,Renter,50 to 80,0.2661987590275659,0.22173699437742234,9435.088016042548
2037,2,159846,Owner,80 to 100,0.7338012409724342,0.10904533701476153,12790.493868832244
2037,2,159846,Renter,80 to 100,0.2661987590275659,0.12222282875702821,5200.679977331183
2037,2,159846,Owner,Greater than 100,0.7338012409724342,0.5460074797870355,64044.05281087108
2037,2,159846,Renter,Greater than 100,0.2661987590275659,0.31921580248453985,13582.889950365256
2038,2,160602,Owner,Less than 30,0.7338012409724342,0.09995021019219998,11779.126964059962
2038,2,160602,Renter,Less than 30,0.2661987590275659,0.20068937013093355,8579.882607910422
2038,2,160602,Owner,30 to 50,0.7338012409724342,0.08847875163372806,10427.216182048041
2038,2,160602,Renter,30 to 50,0.2661987590275659,0.13613500425007602,5820.050930106556
2038,2,160602,Owner,50 to 80,0.7338012409724342,0.15651822137227497,18445.66407802059
2038,2,160602,Renter,50 to 80,0.2661987590275659,0.22173699437742234,9479.71175726928
2038,2,160602,Owner,80 to 100,0.7338012409724342,0.10904533701476153,12850.987177171754
2038,2,160602,Renter,80 to 100,0.2661987590275659,0.12222282875702821,5225.276864728193
2038,2,160602,Owner,Greater than 100,0.7338012409724342,0.5460074797870355,64346.952501354535
2038,2,160602,Renter,Greater than 100,0.2661987590275659,0.31921580248453985,13647.130937330685
2039,2,161325,Owner,Less than 30,0.7338012409724342,0.09995021019219998,11832.154378382418
2039,2,161325,Renter,Less than 30,0.2661987590275659,0.20068937013093355,8618.507625815051
2039,2,161325,Owner,30 to 50,0.7338012409724342,0.08847875163372806,10474.15754828022
2039,2,161325,Renter,30 to 50,0.2661987590275659,0.13613500425007602,5846.25170483207
2039,2,161325,Owner,50 to 80,0.7338012409724342,0.15651822137227497,18528.702988671816
2039,2,161325,Renter,50 to 80,0.2661987590275659,0.22173699437742234,9522.387636775797
2039,2,161325,Owner,80 to 100,0.7338012409724342,0.10904533701476153,12908.83990459168
2039,2,161325,Renter,80 to 100,0.2661987590275659,0.12222282875702821,5248.800078468983
2039,2,161325,Owner,Greater than 100,0.7338012409724342,0.5460074797870355,64636.6303799518
2039,2,161325,Renter,Greater than 100,0.2661987590275659,0.31921580248453985,13708.567754230164
2040,2,162013,Owner,Less than 30,0.7338012409724342,0.09995021019219998,11882.614767115268
2040,2,162013,Renter,Less than 30,0.2661987590275659,0.20068937013093355,8655.26282957492
2040,2,162013,Owner,30 to 50,0.7338012409724342,0.08847875163372806,10518.826510891204
2040,2,162013,Renter,30 to 50,0.2661987590275659,0.13613500425007602,5871.18411563588
2040,2,162013,Owner,50 to 80,0.7338012409724342,0.15651822137227497,18607.722035045324
2040,2,162013,Renter,50 to 80,0.2661987590275659,0.22173699437742234,9562.997602336634
2040,2,162013,Owner,80 to 100,0.7338012409724342,0.10904533701476153,12963.892015884778
2040,2,162013,Renter,80 to 100,0.2661987590275659,0.12222282875702821,5271.184547422876
2040,2,162013,Owner,Greater than 100,0.7338012409724342,0.5460074797870355,64912.2851247304
2040,2,162013,Renter,Greater than 100,0.2661987590275659,0.31921580248453985,13767.030451362727
2041,2,162907,Owner,Less than 30,0.7338012409724342,0.09995021019219998,11948.183935032665
2041,2,162907,Renter,Less than 30,0.2661987590275659,0.20068937013093355,8703.023225158237
2041,2,162907,Owner,30 to 50,0.7338012409724342,0.08847875163372806,10576.870191958382
2041,2,162907,Renter,30 to 50,0.2661987590275659,0.13613500425007602,5903.581754093154
2041,2,162907,Owner,50 to 80,0.7338012409724342,0.15651822137227497,18710.400854024854
2041,2,162907,Renter,50 to 80,0.2661987590275659,0.22173699437742234,9615.766947120625
2041,2,162907,Owner,80 to 100,0.7338012409724342,0.10904533701476153,13035.427753524356
2041,2,162907,Renter,80 to 100,0.2661987590275659,0.12222282875702821,5300.271342836799
2041,2,162907,Owner,Greater than 100,0.7338012409724342,0.5460074797870355,65270.47602855607
2041,2,162907,Renter,Greater than 100,0.2661987590275659,0.31921580248453985,13842.99796769486
2042,2,163756,Owner,Less than 30,0.7338012409724342,0.09995021019219998,12010.452641477708
2042,2,163756,Renter,Less than 30,0.2661987590275659,0.20068937013093355,8748.379573984006
2042,2,163756,Owner,30 to 50,0.7338012409724342,0.08847875163372806,10631.992211226876
2042,2,163756,Renter,30 to 50,0.2661987590275659,0.13613500425007602,5934.348638936808
2042,2,163756,Owner,50 to 80,0.7338012409724342,0.15651822137227497,18807.911276075884
2042,2,163756,Renter,50 to 80,0.2661987590275659,0.22173699437742234,9665.880116831599
2042,2,163756,Owner,80 to 100,0.7338012409724342,0.10904533701476153,13103.362699000867
2042,2,163756,Renter,80 to 100,0.2661987590275659,0.12222282875702821,5327.894037810425
2042,2,163756,Owner,Greater than 100,0.7338012409724342,0.5460074797870355,65610.63718890058
2042,2,163756,Renter,Greater than 100,0.2661987590275659,0.31921580248453985,13915.141615755245
2043,2,164574,Owner,Less than 30,0.7338012409724342,0.09995021019219998,12070.447696686242
2043,2,164574,Renter,Less than 30,0.2661987590275659,0.20068937013093355,8792.079801710128
2043,2,164574,Owner,30 to 50,0.7338012409724342,0.08847875163372806,10685.101530145168
2043,2,164574,Renter,30 to 50,0.2661987590275659,0.13613500425007602,5963.992115735523
2043,2,164574,Owner,50 to 80,0.7338012409724342,0.15651822137227497,18901.861246909502
2043,2,164574,Renter,50 to 80,0.2661987590275659,0.22173699437742234,9714.163477047823
2043,2,164574,Owner,80 to 100,0.7338012409724342,0.10904533701476153,13168.817098765046
2043,2,164574,Renter,80 to 100,0.2661987590275659,0.12222282875702821,5354.508130258512
2043,2,164574,Owner,Greater than 100,0.7338012409724342,0.5460074797870355,65938.37785929142
2043,2,164574,Renter,Greater than 100,0.2661987590275659,0.31921580248453985,13984.651043450644
2044,2,165365,Owner,Less than 30,0.7338012409724342,0.09995021019219998,12128.462475011365
2044,2,165365,Renter,Less than 30,0.2661987590275659,0.20068937013093355,8834.33760138172
2044,2,165365,Owner,30 to 50,0.7338012409724342,0.08847875163372806,10736.457851984247
2044,2,165365,Renter,30 to 50,0.2661987590275659,0.13613500425007602,5992.657140366064
2044,2,165365,Owner,50 to 80,0.7338012409724342,0.15651822137227497,18992.71017958602
2044,2,165365,Renter,50 to 80,0.2661987590275659,0.22173699437742234,9760.853132220236
2044,2,165365,Owner,80 to 100,0.7338012409724342,0.10904533701476153,13232.111023231384
2044,2,165365,Renter,80 to 100,0.2661987590275659,0.12222282875702821,5380.24376244242
2044,2,165365,Owner,Greater than 100,0.7338012409724342,0.5460074797870355,66255.30068359355
2044,2,165365,Renter,Greater than 100,0.2661987590275659,0.31921580248453985,14051.866150182992
2045,2,166215,Owner,Less than 30,0.7338012409724342,0.09995021019219998,12190.804525044685
2045,2,166215,Renter,Less than 30,0.2661987590275659,0.20068937013093355,8879.747373468766
2045,2,166215,Owner,30 to 50,0.7338012409724342,0.08847875163372806,10791.64479707049
2045,2,166215,Renter,30 to 50,0.2661987590275659,0.13613500425007602,6023.46026417891
2045,2,166215,Owner,50 to 80,0.7338012409724342,0.15651822137227497,19090.335454902128
2045,2,166215,Renter,50 to 80,0.2661987590275659,0.22173699437742234,9811.025328043943
2045,2,166215,Owner,80 to 100,0.7338012409724342,0.10904533701476153,13300.12598631152
2045,2,166215,Renter,80 to 100,0.2661987590275659,0.12222282875702821,5407.898992981386
2045,2,166215,Owner,Greater than 100,0.7338012409724342,0.5460074797870355,66595.86250490432
2045,2,166215,Renter,Greater than 100,0.2661987590275659,0.31921580248453985,14124.094773093859
2046,2,167010,Owner,Less than 30,0.7338012409724342,0.09995021019219998,12249.112677722906
2046,2,167010,Renter,Less than 30,0.2661987590275659,0.20068937013093355,8922.218866185476
2046,2,167010,Owner,30 to 50,0.7338012409724342,0.08847875163372806,10843.260822180566
2046,2,167010,Renter,30 to 50,0.2661987590275659,0.13613500425007602,6052.270244686219
2046,2,167010,Owner,50 to 80,0.7338012409724342,0.15651822137227497,19181.643800638958
2046,2,167010,Renter,50 to 80,0.2661987590275659,0.22173699437742234,9857.951087667294
2046,2,167010,Owner,80 to 100,0.7338012409724342,0.10904533701476153,13363.739981192353
2046,2,167010,Renter,80 to 100,0.2661987590275659,0.12222282875702821,5433.764767426654
2046,2,167010,Owner,Greater than 100,0.7338012409724342,0.5460074797870355,66914.38797307144
2046,2,167010,Renter,Greater than 100,0.2661987590275659,0.31921580248453985,14191.649779228143
2047,2,167819,Owner,Less than 30,0.7338012409724342,0.09995021019219998,12308.44764063697
2047,2,167819,Renter,Less than 30,0.2661987590275659,0.20068937013093355,8965.438284560087
2047,2,167819,Owner,30 to 50,0.7338012409724342,0.08847875163372806,10895.78580873912
2047,2,167819,Renter,30 to 50,0.2661987590275659,0.13613500425007602,6081.587570762208
2047,2,167819,Owner,50 to 80,0.7338012409724342,0.15651822137227497,19274.56009208688
2047,2,167819,Renter,50 to 80,0.2661987590275659,0.22173699437742234,9905.703212868913
2047,2,167819,Owner,80 to 100,0.7338012409724342,0.10904533701476153,13428.474222523919
2047,2,167819,Renter,80 to 100,0.2661987590275659,0.12222282875702821,5460.086039786681
2047,2,167819,Owner,Greater than 100,0.7338012409724342,0.5460074797870355,67238.52269476604
2047,2,167819,Renter,Greater than 100,0.2661987590275659,0.31921580248453985,14260.39443326919
2048,2,168642,Owner,Less than 30,0.7338012409724342,0.09995021019219998,12368.809413786877
2048,2,168642,Renter,Less than 30,0.2661987590275659,0.20068937013093355,9009.405628592605
2048,2,168642,Owner,30 to 50,0.7338012409724342,0.08847875163372806,10949.219756746154
2048,2,168642,Renter,30 to 50,0.2661987590275659,0.13613500425007602,6111.412242406881
2048,2,168642,Owner,50 to 80,0.7338012409724342,0.15651822137227497,19369.084329245885
2048,2,168642,Renter,50 to 80,0.2661987590275659,0.22173699437742234,9954.281703648809
2048,2,168642,Owner,80 to 100,0.7338012409724342,0.10904533701476153,13494.328710306216
2048,2,168642,Renter,80 to 100,0.2661987590275659,0.12222282875702821,5486.862810061468
2048,2,168642,Owner,Greater than 100,0.7338012409724342,0.5460074797870355,67568.26666998811
2048,2,168642,Renter,Greater than 100,0.2661987590275659,0.31921580248453985,14330.328735217006
2049,2,169480,Owner,Less than 30,0.7338012409724342,0.09995021019219998,12430.2713407609
2049,2,169480,Renter,Less than 30,0.2661987590275659,0.20068937013093355,9054.174321544304
2049,2,169480,Owner,30 to 50,0.7338012409724342,0.08847875163372806,11003.627592019415
2049,2,169480,Renter,30 to 50,0.2661987590275659,0.13613500425007602,6141.780498589426
2049,2,169480,Owner,50 to 80,0.7338012409724342,0.15651822137227497,19465.331365381062
2049,2,169480,Renter,50 to 80,0.2661987590275659,0.22173699437742234,10003.745586119709
2049,2,169480,Owner,80 to 100,0.7338012409724342,0.10904533701476153,13561.383462142867
2049,2,169480,Renter,80 to 100,0.2661987590275659,0.12222282875702821,5514.127613816354
2049,2,169480,Owner,Greater than 100,0.7338012409724342,0.5460074797870355,67904.0205597039
2049,2,169480,Renter,Greater than 100,0.2661987590275659,0.31921580248453985,14401.537659922073
2050,2,170260,Owner,Less than 30,0.7338012409724342,0.09995021019219998,12487.479339615003
2050,2,170260,Renter,Less than 30,0.2661987590275659,0.20068937013093355,9095.84446534183
2050,2,170260,Owner,30 to 50,0.7338012409724342,0.08847875163372806,11054.269729863261
2050,2,170260,Renter,30 to 50,0.2661987590275659,0.13613500425007602,6170.046894558861
2050,2,170260,Owner,50 to 80,0.7338012409724342,0.15651822137227497,19554.91691214172
2050,2,170260,Renter,50 to 80,0.2661987590275659,0.22173699437742234,10049.785954052051
2050,2,170260,Owner,80 to 100,0.7338012409724342,0.10904533701476153,13623.797192969343
2050,2,170260,Renter,80 to 100,0.2661987590275659,0.12222282875702821,5539.505354781522
2050,2,170260,Owner,Greater than 100,0.7338012409724342,0.5460074797870355,68216.53611337731
2050,2,170260,Renter,Greater than 100,0.2661987590275659,0.31921580248453985,14467.818043299103
2010,1,128516,Owner,Less than 30,0.7276251859196827,0.05784876194110192,5409.523252354983
2010,1,128516,Renter,Less than 30,0.27237481408031733,0.25931049546761803,9077.039841348538
2010,1,128516,Owner,30 to 50,0.7276251859196827,0.10724847031247871,10028.963014377789
2010,1,128516,Renter,30 to 50,0.27237481408031733,0.15624886235392624,5469.416678235003
2010,1,128516,Owner,50 to 80,0.7276251859196827,0.17323285319088047,16199.260208230045
2010,1,128516,Renter,50 to 80,0.27237481408031733,0.21635297972259637,7573.332553296976
2010,1,128516,Owner,80 to 100,0.7276251859196827,0.09723225358062713,9092.331779871096
2010,1,128516,Renter,80 to 100,0.27237481408031733,0.05839309767374131,2044.0224491819536
2010,1,128516,Owner,Greater than 100,0.7276251859196827,0.5644376609749118,52781.400138820034
2010,1,128516,Renter,Greater than 100,0.27237481408031733,0.30969456478211804,10840.710084283592
2011,1,131050,Owner,Less than 30,0.696051904498771,0.08238546927825456,7515.004954173891
2011,1,131050,Renter,Less than 30,0.30394809550122903,0.21308340908378523,8487.623139802978
2011,1,131050,Owner,30 to 50,0.696051904498771,0.08001752008650542,7299.006307044453
2011,1,131050,Renter,30 to 50,0.30394809550122903,0.163558286054603,6514.918732493665
2011,1,131050,Owner,50 to 80,0.696051904498771,0.1570511504400553,14325.82934776395
2011,1,131050,Renter,50 to 80,0.30394809550122903,0.2764630285553083,11012.185362321603
2011,1,131050,Owner,80 to 100,0.696051904498771,0.10713259146717037,9772.378098740495
2011,1,131050,Renter,80 to 100,0.30394809550122903,0.11218380716547033,4468.550046683562
2011,1,131050,Owner,Greater than 100,0.696051904498771,0.5734132687280143,52305.383376841135
2011,1,131050,Renter,Greater than 100,0.30394809550122903,0.23471146914083316,9349.120634134259
2012,1,131353,Owner,Less than 30,0.7002841450129884,0.05919914714936852,5445.399410380054
2012,1,131353,Renter,Less than 30,0.2997158549870116,0.22135522570150468,8714.44018099961
2012,1,131353,Owner,30 to 50,0.7002841450129884,0.09318263404658043,8571.350854339496
2012,1,131353,Renter,30 to 50,0.2997158549870116,0.15946522976819846,6277.919129129816
2012,1,131353,Owner,50 to 80,0.7002841450129884,0.18107846443373546,16656.39812296699
2012,1,131353,Renter,50 to 80,0.2997158549870116,0.23599532330215534,9290.799986287908
2012,1,131353,Owner,80 to 100,0.7002841450129884,0.09197515419844007,8460.281516862065
2012,1,131353,Renter,80 to 100,0.2997158549870116,0.09747356649044327,3837.3955786121837
2012,1,131353,Owner,Greater than 100,0.7002841450129884,0.5745646001718755,52850.99339534246
2012,1,131353,Renter,Greater than 100,0.2997158549870116,0.28571065473769824,11248.021825079415
2013,1,131675,Owner,Less than 30,0.6848644343099893,0.06399014834494475,5770.601143249827
2013,1,131675,Renter,Less than 30,0.3151355656900106,0.2114979556436625,8776.208260448553
2013,1,131675,Owner,30 to 50,0.6848644343099893,0.08752465764358446,7892.931998500656
2013,1,131675,Renter,30 to 50,0.3151355656900106,0.1832982282245075,7606.047159055413
2013,1,131675,Owner,50 to 80,0.6848644343099893,0.14225607461716513,12828.585150246765
2013,1,131675,Renter,50 to 80,0.3151355656900106,0.23880560029736092,9909.351963203599
2013,1,131675,Owner,80 to 100,0.6848644343099893,0.0918461591087901,8282.642945273943
2013,1,131675,Renter,80 to 100,0.3151355656900106,0.09743526204931235,4043.1225401386896
2013,1,131675,Owner,Greater than 100,0.6848644343099893,0.6143829602855155,55404.76315049665
2013,1,131675,Renter,Greater than 100,0.3151355656900106,0.2689629537851567,11160.745689385893
2014,1,131940,Owner,Less than 30,0.6695001496557916,0.09010640200286123,7959.445375636036
2014,1,131940,Renter,Less than 30,0.3304998503442083,0.2333589929360623,10175.887309188865
2014,1,131940,Owner,30 to 50,0.6695001496557916,0.09114583333333333,8051.262346602813
2014,1,131940,Renter,30 to 50,0.3304998503442083,0.1716401014309002,7484.564052678838
2014,1,131940,Owner,50 to 80,0.6695001496557916,0.16513546137339055,14587.05103262496
2014,1,131940,Renter,50 to 80,0.3304998503442083,0.2022278572722333,8818.378329841365
2014,1,131940,Owner,80 to 100,0.6695001496557916,0.11604747854077253,10250.920532774617
2014,1,131940,Renter,80 to 100,0.3304998503442083,0.10872124615105959,4740.914995510327
2014,1,131940,Owner,Greater than 100,0.6695001496557916,0.5375648247496424,47485.170457946726
2014,1,131940,Renter,Greater than 100,0.3304998503442083,0.28405180220974463,12386.405567195452
2015,1,132687,Owner,Less than 30,0.6801363231478255,0.06754432916899179,6095.554757755316
2015,1,132687,Renter,Less than 30,0.3198636768521746,0.24358291359938009,10338.085535029626
2015,1,132687,Owner,30 to 50,0.6801363231478255,0.09431835005523352,8511.782920878355
2015,1,132687,Renter,30 to 50,0.3198636768521746,0.18040488182874856,7656.699198326944
2015,1,132687,Owner,50 to 80,0.6801363231478255,0.1579678620642531,14255.848936911816
2015,1,132687,Renter,50 to 80,0.3198636768521746,0.19919604804339403,8454.229208783549
2015,1,132687,Owner,80 to 100,0.6801363231478255,0.09978476010431732,9005.100453119554
2015,1,132687,Renter,80 to 100,0.3198636768521746,0.0953845408756296,4048.286998954339
2015,1,132687,Owner,Greater than 100,0.6801363231478255,0.5803846986072043,52376.961240850476
2015,1,132687,Renter,Greater than 100,0.3198636768521746,0.28143161565284774,11944.450749390031
2016,1,134302,Owner,Less than 30,0.6556888928990345,0.07889546351084813,6947.560528136184
2016,1,134302,Renter,Less than 30,0.34431110710096546,0.26749213836477986,12369.283271677345
2016,1,134302,Owner,30 to 50,0.6556888928990345,0.10735746066694188,9453.933381455081
2016,1,134302,Renter,30 to 50,0.34431110710096546,0.18380939902166318,8499.653628680562
2016,1,134302,Owner,50 to 80,0.6556888928990345,0.16358194578230356,14405.080077596318
2016,1,134302,Renter,50 to 80,0.34431110710096546,0.15504891684136968,7169.72089386147
2016,1,134302,Owner,80 to 100,0.6556888928990345,0.10271317829457365,9044.956344551716
2016,1,134302,Renter,80 to 100,0.34431110710096546,0.12502183787561147,5781.2186080784395
2016,1,134302,Owner,Greater than 100,0.6556888928990345,0.5474519517453328,48208.79936238684
2016,1,134302,Renter,Greater than 100,0.34431110710096546,0.2686277078965758,12421.793903576048
2017,1,135766,Owner,Less than 30,0.6905249010677219,0.06609934906252027,6196.80100052266
2017,1,135766,Renter,Less than 30,0.30947509893227804,0.18908029337965643,7944.434719629657
2017,1,135766,Owner,30 to 50,0.6905249010677219,0.0864925066499427,8108.655521541104
2017,1,135766,Renter,30 to 50,0.30947509893227804,0.17969503956765104,7550.1020533114315
2017,1,135766,Owner,50 to 80,0.6905249010677219,0.1688869185354988,15833.115463301725
2017,1,135766,Renter,50 to 80,0.30947509893227804,0.20005790387955993,8405.672157096991
2017,1,135766,Owner,80 to 100,0.6905249010677219,0.09585649099284185,8986.527215709699
2017,1,135766,Renter,80 to 100,0.30947509893227804,0.0897992665508589,3773.0236093481667
2017,1,135766,Owner,Greater than 100,0.6905249010677219,0.5826647347591963,54624.70451728514
2017,1,135766,Renter,Greater than 100,0.30947509893227804,0.34136749662227367,14342.963742253414
2018,1,137548,Owner,Less than 30,0.6984621155288823,0.07529133773696364,7233.394448612154
2018,1,137548,Renter,Less than 30,0.3015378844711178,0.2494091304888668,10344.476369092274
2018,1,137548,Owner,30 to 50,0.6984621155288823,0.10172386015788626,9772.821515378846
2018,1,137548,Renter,30 to 50,0.3015378844711178,0.17999751212837417,7465.564741185296
2018,1,137548,Owner,50 to 80,0.6984621155288823,0.15529778207400247,14919.778934733684
2018,1,137548,Renter,50 to 80,0.3015378844711178,0.21651946759547208,8980.346916729182
2018,1,137548,Owner,80 to 100,0.6984621155288823,0.11866172600827023,11400.077299324832
2018,1,137548,Renter,80 to 100,0.3015378844711178,0.0936434879960194,3883.951027756939
2018,1,137548,Owner,Greater than 100,0.6984621155288823,0.5490252940228774,52745.99486871718
2018,1,137548,Renter,Greater than 100,0.3015378844711178,0.2604304017912676,10801.593878469617
2019,1,139009,Owner,Less than 30,0.7154370737755734,0.07615689555568836,7573.9702132814555
2019,1,139009,Renter,Less than 30,0.2845629262244265,0.22026895049207423,8713.136541462683
2019,1,139009,Owner,30 to 50,0.7154370737755734,0.08535030578298372,8488.275014073868
2019,1,139009,Renter,30 to 50,0.2845629262244265,0.1182731074549871,4678.506580869515
2019,1,139009,Owner,50 to 80,0.7154370737755734,0.1886093348473077,18757.61181777369
2019,1,139009,Renter,50 to 80,0.2845629262244265,0.22006861493000776,8705.211906136206
2019,1,139009,Owner,80 to 100,0.7154370737755734,0.09444411243251857,9392.674020708182
2019,1,139009,Renter,80 to 100,0.2845629262244265,0.1234818320687151,4884.5470993579465
2019,1,139009,Owner,Greater than 100,0.7154370737755734,0.5554393513815016,55239.661122631485
2019,1,139009,Renter,Greater than 100,0.2845629262244265,0.31790749505421584,12575.405683704954
2020,1,140779,Owner,Less than 30,0.7155123111765199,0.07327912354928437,7381.340724868653
2020,1,140779,Renter,Less than 30,0.2844876888234801,0.13147314248954647,5265.485202949497
2020,1,140779,Owner,30 to 50,0.7155123111765199,0.10019929022838447,10092.985092381483
2020,1,140779,Renter,30 to 50,0.2844876888234801,0.14696579822022088,5885.964397099307
2020,1,140779,Owner,50 to 80,0.7155123111765199,0.14888152355781015,14996.703014312838
2020,1,140779,Renter,50 to 80,0.2844876888234801,0.2638040098638362,10565.322195194485
2020,1,140779,Owner,80 to 100,0.7155123111765199,0.09330406147091108,9398.43485256327
2020,1,140779,Renter,80 to 100,0.2844876888234801,0.16958829205532325,6791.992839767883
2020,1,140779,Owner,Greater than 100,0.7155123111765199,0.58433600119361,58859.64397099306
2020,1,140779,Renter,Greater than 100,0.2844876888234801,0.2881687573710732,11541.12770986953
2021,1,142423,Owner,Less than 30,0.7398303423948038,0.07604253386816015,8012.514866037683
2021,1,142423,Renter,Less than 30,0.2601696576051961,0.2511567846766383,9306.399451272433
2021,1,142423,Owner,30 to 50,0.7398303423948038,0.10431960947551654,10992.037997984266
2021,1,142423,Renter,30 to 50,0.2601696576051961,0.15143118476272463,5611.152796830818
2021,1,142423,Owner,50 to 80,0.7398303423948038,0.1842314387345796,19412.256096195302
2021,1,142423,Renter,50 to 80,0.2601696576051961,0.21231034111696975,7866.977770934237
2021,1,142423,Owner,80 to 100,0.7398303423948038,0.08789638991901914,9261.542127439177
2021,1,142423,Renter,80 to 100,0.2601696576051961,0.14419455504142903,5343.005683249811
2021,1,142423,Owner,Greater than 100,0.7398303423948038,0.5475100280027246,57690.50576723873
2021,1,142423,Renter,Greater than 100,0.2601696576051961,0.24090713440223824,8926.607442817549
2022,1,144585,Owner,Less than 30,0.7602612193862296,0.09371899496768774,10301.813891380576
2022,1,144585,Renter,Less than 30,0.2397387806137704,0.19938206865273958,6911.1071923672835
2022,1,144585,Owner,30 to 50,0.7602612193862296,0.11290077495821303,12410.32057816195
2022,1,144585,Renter,30 to 50,0.2397387806137704,0.15692054763457014,5439.279132349344
2022,1,144585,Owner,50 to 80,0.7602612193862296,0.14470355837214083,15906.157852890808
2022,1,144585,Renter,50 to 80,0.2397387806137704,0.21814677286771167,7561.541221560792
2022,1,144585,Owner,80 to 100,0.7602612193862296,0.1045344440769774,11490.67367283699
2022,1,144585,Renter,80 to 100,0.2397387806137704,0.10898835000992092,3777.8230245453806
2022,1,144585,Owner,Greater than 100,0.7602612193862296,0.544142227624981,59813.402409687675
2022,1,144585,Renter,Greater than 100,0.2397387806137704,0.3165622608350577,10972.881024219196
2023,1,146681,Owner,Less than 30,0.7182837895287616,0.10496075467574803,11058.516544033488
2023,1,146681,Renter,Less than 30,0.2817162104712384,0.2034685301697119,8407.81113836293
2023,1,146681,Owner,30 to 50,0.7182837895287616,0.08090364407859992,8523.893423591355
2023,1,146681,Renter,30 to 50,0.2817162104712384,0.16460427646089199,6801.846299748194
2023,1,146681,Owner,50 to 80,0.7182837895287616,0.1619438728123691,17062.177213120118
2023,1,146681,Renter,50 to 80,0.2817162104712384,0.19833770575534557,8195.79308021845
2023,1,146681,Owner,80 to 100,0.7182837895287616,0.09931525559541804,10463.714751953956
2023,1,146681,Renter,80 to 100,0.2817162104712384,0.12857242356000279,5312.923104091043
2023,1,146681,Owner,Greater than 100,0.7182837895287616,0.5528764728378649,58250.28259916937
2023,1,146681,Renter,Greater than 100,0.2817162104712384,0.30501706405404777,12604.041845711108
2024,1,148239,Owner,Less than 30,0.7395542822372091,0.09953033133924133,10911.588579433092
2024,1,148239,Renter,Less than 30,0.2604457177627909,0.24864930640058408,9599.905323005933
2024,1,148239,Owner,30 to 50,0.7395542822372091,0.09402800870772554,10308.364617666448
2024,1,148239,Renter,30 to 50,0.2604457177627909,0.17670966171817962,6822.4442155570205
2024,1,148239,Owner,50 to 80,0.7395542822372091,0.15955878571795884,17492.555290046144
2024,1,148239,Renter,50 to 80,0.2604457177627909,0.24091019712825504,9301.112145682266
2024,1,148239,Owner,80 to 100,0.7395542822372091,0.10047309689915837,11014.944709953857
2024,1,148239,Renter,80 to 100,0.2604457177627909,0.08053054271112192,3109.140326301911
2024,1,148239,Owner,Greater than 100,0.7395542822372091,0.5464097773359159,59903.33404746209
2024,1,148239,Renter,Greater than 100,0.2604457177627909,0.25320029204185934,9775.610744891232
2025,1,150235,Owner,Less than 30,0.7391065027882198,0.09937141117747365,11034.168252082156
2025,1,150235,Renter,Less than 30,0.2608934972117802,0.21780445739354665,8536.918574807947
2025,1,150235,Owner,30 to 50,0.7391065027882198,0.09600829843635945,10660.72933845035
2025,1,150235,Renter,30 to 50,0.2608934972117802,0.16649922137941428,6525.992684882016
2025,1,150235,Owner,50 to 80,0.7391065027882198,0.15542132000697448,17257.931376810488
2025,1,150235,Renter,50 to 80,0.2608934972117802,0.21883424591014886,8577.281480235637
2025,1,150235,Owner,80 to 100,0.7391065027882198,0.10144010970012737,11263.875843947062
2025,1,150235,Renter,80 to 100,0.2608934972117802,0.10626077929036688,4164.926794213434
2025,1,150235,Owner,Greater than 100,0.7391065027882198,0.5477588606790651,60822.960635098156
2025,1,150235,Renter,Greater than 100,0.2608934972117802,0.29060129602652335,11390.21501947276
2026,1,151849,Owner,Less than 30,0.7391065027882198,0.09937141117747365,11152.71018677687
2026,1,151849,Renter,Less than 30,0.2608934972117802,0.21780445739354665,8628.63213409666
2026,1,151849,Owner,30 to 50,0.7391065027882198,0.09600829843635945,10775.259355771605
2026,1,151849,Renter,30 to 50,0.2608934972117802,0.16649922137941428,6596.10252741804
2026,1,151849,Owner,50 to 80,0.7391065027882198,0.15542132000697448,17443.336250789067
2026,1,151849,Renter,50 to 80,0.2608934972117802,0.21883424591014886,8669.428665040114
2026,1,151849,Owner,80 to 100,0.7391065027882198,0.10144010970012737,11384.885566129846
2026,1,151849,Renter,80 to 100,0.2608934972117802,0.10626077929036688,4209.671306782811
2026,1,151849,Owner,Greater than 100,0.7391065027882198,0.5477588606790651,61476.391982421
2026,1,151849,Renter,Greater than 100,0.2608934972117802,0.29060129602652335,11512.582024773983
2027,1,153642,Owner,Less than 30,0.7391065027882198,0.09937141117747365,11284.398965530047
2027,1,153642,Renter,Less than 30,0.2608934972117802,0.21780445739354665,8730.517147606368
2027,1,153642,Owner,30 to 50,0.7391065027882198,0.09600829843635945,10902.491277120434
2027,1,153642,Renter,30 to 50,0.2608934972117802,0.16649922137941428,6673.987872936684
2027,1,153642,Owner,50 to 80,0.7391065027882198,0.15542132000697448,17649.303375351396
2027,1,153642,Renter,50 to 80,0.2608934972117802,0.21883424591014886,8771.7953951234
2027,1,153642,Owner,80 to 100,0.7391065027882198,0.10144010970012737,11519.315821318032
2027,1,153642,Renter,80 to 100,0.2608934972117802,0.10626077929036688,4259.378190944456
2027,1,153642,Owner,Greater than 100,0.7391065027882198,0.5477588606790651,62202.29186206776
2027,1,153642,Renter,Greater than 100,0.2608934972117802,0.29060129602652335,11648.520092001423
2028,1,155502,Owner,Less than 30,0.7391065027882198,0.09937141117747365,11421.00863004812
2028,1,155502,Renter,Less than 30,0.2608934972117802,0.21780445739354665,8836.20935347812
2028,1,155502,Owner,30 to 50,0.7391065027882198,0.09600829843635945,11034.477542434892
2028,1,155502,Renter,30 to 50,0.2608934972117802,0.16649922137941428,6754.783602253292
2028,1,155502,Owner,50 to 80,0.7391065027882198,0.15542132000697448,17862.96698476909
2028,1,155502,Renter,50 to 80,0.2608934972117802,0.21883424591014886,8877.987318132275
2028,1,155502,Owner,80 to 100,0.7391065027882198,0.10144010970012737,11658.769404502651
2028,1,155502,Renter,80 to 100,0.2608934972117802,0.10626077929036688,4310.94249910991
2028,1,155502,Owner,Greater than 100,0.7391065027882198,0.5477588606790651,62955.316834819
2028,1,155502,Renter,Greater than 100,0.2608934972117802,0.29060129602652335,11789.537830452646
2029,1,157586,Owner,Less than 30,0.7391065027882198,0.09937141117747365,11574.070211153317
2029,1,157586,Renter,Less than 30,0.2608934972117802,0.21780445739354665,8954.630083067761
2029,1,157586,Owner,30 to 50,0.7391065027882198,0.09600829843635945,11182.358927873243
2029,1,157586,Renter,30 to 50,0.2608934972117802,0.16649922137941428,6845.309569939211
2029,1,157586,Owner,50 to 80,0.7391065027882198,0.15542132000697448,18102.36212564354
2029,1,157586,Renter,50 to 80,0.2608934972117802,0.21883424591014886,8996.967945847593
2029,1,157586,Owner,80 to 100,0.7391065027882198,0.10144010970012737,11815.017397705207
2029,1,157586,Renter,80 to 100,0.2608934972117802,0.10626077929036688,4368.716702452279
2029,1,157586,Owner,Greater than 100,0.7391065027882198,0.5477588606790651,63799.0286860091
2029,1,157586,Renter,Greater than 100,0.2608934972117802,0.29060129602652335,11947.538350308745
2030,1,159702,Owner,Less than 30,0.7391065027882198,0.09937141117747365,11729.482066056673
2030,1,159702,Renter,Less than 30,0.2608934972117802,0.21780445739354665,9074.86917318853
2030,1,159702,Owner,30 to 50,0.7391065027882198,0.09600829843635945,11332.511044757863
2030,1,159702,Renter,30 to 50,0.2608934972117802,0.16649922137941428,6937.22557167789
2030,1,159702,Owner,50 to 80,0.7391065027882198,0.15542132000697448,18345.43319958324
2030,1,159702,Renter,50 to 80,0.2608934972117802,0.21883424591014886,9117.775531378122
2030,1,159702,Owner,80 to 100,0.7391065027882198,0.10144010970012737,11973.664592338893
2030,1,159702,Renter,80 to 100,0.2608934972117802,0.10626077929036688,4427.378033677065
2030,1,159702,Owner,Greater than 100,0.7391065027882198,0.5477588606790651,64655.695805547606
2030,1,159702,Renter,Greater than 100,0.2608934972117802,0.29060129602652335,12107.964981794115
2031,1,161772,Owner,Less than 30,0.7391065027882198,0.09937141117747365,11881.515402375175
2031,1,161772,Renter,Less than 30,0.2608934972117802,0.21780445739354665,9192.494370045804
2031,1,161772,Owner,30 to 50,0.7391065027882198,0.09600829843635945,11479.39898518847
2031,1,161772,Renter,30 to 50,0.2608934972117802,0.16649922137941428,7027.143399465728
2031,1,161772,Owner,50 to 80,0.7391065027882198,0.15542132000697448,18583.220119741647
2031,1,161772,Renter,50 to 80,0.2608934972117802,0.21883424591014886,9235.956865049287
2031,1,161772,Owner,80 to 100,0.7391065027882198,0.10144010970012737,12128.862934915327
2031,1,161772,Renter,80 to 100,0.2608934972117802,0.10626077929036688,4484.764118570876
2031,1,161772,Owner,Greater than 100,0.7391065027882198,0.5477588606790651,65493.73972683528
2031,1,161772,Renter,Greater than 100,0.2608934972117802,0.29060129602652335,12264.90407781241
2032,1,163837,Owner,Less than 30,0.7391065027882198,0.09937141117747365,12033.181508412714
2032,1,163837,Renter,Less than 30,0.2608934972117802,0.21780445739354665,9309.835448070087
2032,1,163837,Owner,30 to 50,0.7391065027882198,0.09600829843635945,11625.932123830597
2032,1,163837,Renter,30 to 50,0.2608934972117802,0.16649922137941428,7116.844034432821
2032,1,163837,Owner,50 to 80,0.7391065027882198,0.15542132000697448,18820.432675358603
2032,1,163837,Renter,50 to 80,0.2608934972117802,0.21883424591014886,9353.852736561827
2032,1,163837,Owner,80 to 100,0.7391065027882198,0.10144010970012737,12283.686402268144
2032,1,163837,Renter,80 to 100,0.2608934972117802,0.10626077929036688,4542.01158973306
2032,1,163837,Owner,Greater than 100,0.7391065027882198,0.5477588606790651,66329.75938744351
2032,1,163837,Renter,Greater than 100,0.2608934972117802,0.29060129602652335,12421.464093888631
2033,1,165632,Owner,Less than 30,0.7391065027882198,0.09937141117747365,12165.017179278275
2033,1,165632,Renter,Less than 30,0.2608934972117802,0.21780445739354665,9411.834109112988
2033,1,165632,Owner,30 to 50,0.7391065027882198,0.09600829843635945,11753.30596589482
2033,1,165632,Renter,30 to 50,0.2608934972117802,0.16649922137941428,7194.816257079762
2033,1,165632,Owner,50 to 80,0.7391065027882198,0.15542132000697448,19026.62954573751
2033,1,165632,Renter,50 to 80,0.2608934972117802,0.21883424591014886,9456.333651508565
2033,1,165632,Owner,80 to 100,0.7391065027882198,0.10144010970012737,12418.266607545776
2033,1,165632,Renter,80 to 100,0.2608934972117802,0.10626077929036688,4591.773919387356
2033,1,165632,Owner,Greater than 100,0.7391065027882198,0.5477588606790651,67056.46897136205
2033,1,165632,Renter,Greater than 100,0.2608934972117802,0.29060129602652335,12557.553793092902
2034,1,167202,Owner,Less than 30,0.7391065027882198,0.09937141117747365,12280.327487500519
2034,1,167202,Renter,Less than 30,0.2608934972117802,0.21780445739354665,9501.047422671405
2034,1,167202,Owner,30 to 50,0.7391065027882198,0.09600829843635945,11864.713727477454
2034,1,167202,Renter,30 to 50,0.2608934972117802,0.16649922137941428,7263.014802793244
2034,1,167202,Owner,50 to 80,0.7391065027882198,0.15542132000697448,19206.98001175137
2034,1,167202,Renter,50 to 80,0.2608934972117802,0.21883424591014886,9545.96876931713
2034,1,167202,Owner,80 to 100,0.7391065027882198,0.10144010970012737,12535.977427760752
2034,1,167202,Renter,80 to 100,0.2608934972117802,0.10626077929036688,4635.298631118411
2034,1,167202,Owner,Greater than 100,0.7391065027882198,0.5477588606790651,67692.08682470584
2034,1,167202,Renter,Greater than 100,0.2608934972117802,0.29060129602652335,12676.584894903881
2035,1,168756,Owner,Less than 30,0.7391065027882198,0.09937141117747365,12394.462658823684
2035,1,168756,Renter,Less than 30,0.2608934972117802,0.21780445739354665,9589.351555964255
2035,1,168756,Owner,30 to 50,0.7391065027882198,0.09600829843635945,11974.986123336952
2035,1,168756,Renter,30 to 50,0.2608934972117802,0.16649922137941428,7330.518331480344
2035,1,168756,Owner,50 to 80,0.7391065027882198,0.15542132000697448,19385.492511232605
2035,1,168756,Renter,50 to 80,0.2608934972117802,0.21883424591014886,9634.690408218094
2035,1,168756,Owner,80 to 100,0.7391065027882198,0.10144010970012737,12652.488647260161
2035,1,168756,Renter,80 to 100,0.2608934972117802,0.10626077929036688,4678.379778908258
2035,1,168756,Owner,Greater than 100,0.7391065027882198,0.5477588606790651,68321.22704387542
2035,1,168756,Renter,Greater than 100,0.2608934972117802,0.29060129602652335,12794.402940900223
2036,1,170224,Owner,Less than 30,0.7391065027882198,0.09937141117747365,12502.281469314294
2036,1,170224,Renter,Less than 30,0.2608934972117802,0.21780445739354665,9672.768845329703
2036,1,170224,Owner,30 to 50,0.7391065027882198,0.09600829843635945,12079.1559284346
2036,1,170224,Renter,30 to 50,0.2608934972117802,0.16649922137941428,7394.286143650656
2036,1,170224,Owner,50 to 80,0.7391065027882198,0.15542132000697448,19554.12594060098
2036,1,170224,Renter,50 to 80,0.2608934972117802,0.21883424591014886,9718.50209799069
2036,1,170224,Owner,80 to 100,0.7391065027882198,0.10144010970012737,12762.5520129134
2036,1,170224,Renter,80 to 100,0.2608934972117802,0.10626077929036688,4719.076770514112
2036,1,170224,Owner,Greater than 100,0.7391065027882198,0.5477588606790651,68915.54997935865
2036,1,170224,Renter,Greater than 100,0.2608934972117802,0.29060129602652335,12905.70081189291
2037,1,171544,Owner,Less than 30,0.7391065027882198,0.09937141117747365,12599.230263488409
2037,1,171544,Renter,Less than 30,0.2608934972117802,0.21780445739354665,9747.776217238688
2037,1,171544,Owner,30 to 50,0.7391065027882198,0.09600829843635945,12172.823600593249
2037,1,171544,Renter,30 to 50,0.2608934972117802,0.16649922137941428,7451.625048326959
2037,1,171544,Owner,50 to 80,0.7391065027882198,0.15542132000697448,19705.75817954257
2037,1,171544,Renter,50 to 80,0.2608934972117802,0.21883424591014886,9793.864107867956
2037,1,171544,Owner,80 to 100,0.7391065027882198,0.10144010970012737,12861.519071947647
2037,1,171544,Renter,80 to 100,0.2608934972117802,0.10626077929036688,4755.670795663788
2037,1,171544,Owner,Greater than 100,0.7391065027882198,0.5477588606790651,69449.9547987305
2037,1,171544,Renter,Greater than 100,0.2608934972117802,0.29060129602652335,13005.777916600227
2038,1,172948,Owner,Less than 30,0.7391065027882198,0.09937141117747365,12702.348526382697
2038,1,172948,Renter,Less than 30,0.2608934972117802,0.21780445739354665,9827.556785541883
2038,1,172948,Owner,30 to 50,0.7391065027882198,0.09600829843635945,12272.451942798354
2038,1,172948,Renter,30 to 50,0.2608934972117802,0.16649922137941428,7512.612792391753
2038,1,172948,Owner,50 to 80,0.7391065027882198,0.15542132000697448,19867.039742780442
2038,1,172948,Renter,50 to 80,0.2608934972117802,0.21883424591014886,9874.021882010138
2038,1,172948,Owner,80 to 100,0.7391065027882198,0.10144010970012737,12966.784034738619
2038,1,172948,Renter,80 to 100,0.2608934972117802,0.10626077929036688,4794.593531504809
2038,1,172948,Owner,Greater than 100,0.7391065027882198,0.5477588606790651,70018.36719751693
2038,1,172948,Renter,Greater than 100,0.2608934972117802,0.29060129602652335,13112.223564334376
2039,1,174263,Owner,Less than 30,0.7391065027882198,0.09937141117747365,12798.930090275851
2039,1,174263,Renter,Less than 30,0.2608934972117802,0.21780445739354665,9902.28003861788
2039,1,174263,Owner,30 to 50,0.7391065027882198,0.09600829843635945,12365.764813168524
2039,1,174263,Renter,30 to 50,0.2608934972117802,0.16649922137941428,7569.734504247312
2039,1,174263,Owner,50 to 80,0.7391065027882198,0.15542132000697448,20018.09761718059
2039,1,174263,Renter,50 to 80,0.2608934972117802,0.21883424591014886,9949.098429728778
2039,1,174263,Owner,80 to 100,0.7391065027882198,0.10144010970012737,13065.376218549252
2039,1,174263,Renter,80 to 100,0.2608934972117802,0.10626077929036688,4831.048942922858
2039,1,174263,Owner,Greater than 100,0.7391065027882198,0.5477588606790651,70550.74775620933
2039,1,174263,Renter,Greater than 100,0.2608934972117802,0.29060129602652335,13211.921589099622
2040,1,175521,Owner,Less than 30,0.7391065027882198,0.09937141117747365,12891.325228966032
2040,1,175521,Renter,Less than 30,0.2608934972117802,0.21780445739354665,9973.764336997809
2040,1,175521,Owner,30 to 50,0.7391065027882198,0.09600829843635945,12455.032943150023
2040,1,175521,Renter,30 to 50,0.2608934972117802,0.16649922137941428,7624.380217946394
2040,1,175521,Owner,50 to 80,0.7391065027882198,0.15542132000697448,20162.60773580826
2040,1,175521,Renter,50 to 80,0.2608934972117802,0.21883424591014886,10020.920708839081
2040,1,175521,Owner,80 to 100,0.7391065027882198,0.10144010970012737,13159.694824810678
2040,1,175521,Renter,80 to 100,0.2608934972117802,0.10626077929036688,4865.924157800354
2040,1,175521,Owner,Greater than 100,0.7391065027882198,0.5477588606790651,71060.05174315615
2040,1,175521,Renter,Greater than 100,0.2608934972117802,0.29060129602652335,13307.298102525234
2041,1,176938,Owner,Less than 30,0.7391065027882198,0.09937141117747365,12995.398290590823
2041,1,176938,Renter,Less than 30,0.2608934972117802,0.21780445739354665,10054.283614266771
2041,1,176938,Owner,30 to 50,0.7391065027882198,0.09600829843635945,12555.583770005178
2041,1,176938,Renter,30 to 50,0.2608934972117802,0.16649922137941428,7685.93266334512
2041,1,176938,Owner,50 to 80,0.7391065027882198,0.15542132000697448,20325.382646853886
2041,1,176938,Renter,50 to 80,0.2608934972117802,0.21883424591014886,10101.820684593691
2041,1,176938,Owner,80 to 100,0.7391065027882198,0.10144010970012737,13265.934463183048
2041,1,176938,Renter,80 to 100,0.2608934972117802,0.10626077929036688,4905.207289343605
2041,1,176938,Owner,Greater than 100,0.7391065027882198,0.5477588606790651,71633.7272197091
2041,1,176938,Renter,Greater than 100,0.2608934972117802,0.29060129602652335,13414.72935810877
2042,1,178341,Owner,Less than 30,0.7391065027882198,0.09937141117747365,13098.443107428919
2042,1,178341,Renter,Less than 30,0.2608934972117802,0.21780445739354665,10134.007358803368
2042,1,178341,Owner,30 to 50,0.7391065027882198,0.09600829843635945,12655.141151852587
2042,1,178341,Renter,30 to 50,0.2608934972117802,0.16649922137941428,7746.876968845766
2042,1,178341,Owner,50 to 80,0.7391065027882198,0.15542132000697448,20486.54933718347
2042,1,178341,Renter,50 to 80,0.2608934972117802,0.21883424591014886,10181.92136630415
2042,1,178341,Owner,80 to 100,0.7391065027882198,0.10144010970012737,13371.124450929296
2042,1,178341,Renter,80 to 100,0.2608934972117802,0.10626077929036688,4944.1023024383
2042,1,178341,Owner,Greater than 100,0.7391065027882198,0.5477588606790651,72201.73476635963
2042,1,178341,Renter,Greater than 100,0.2608934972117802,0.29060129602652335,13521.099189854505
2043,1,179658,Owner,Less than 30,0.7391065027882198,0.09937141117747365,13195.171563434458
2043,1,179658,Renter,Less than 30,0.2608934972117802,0.21780445739354665,10208.84425941256
2043,1,179658,Owner,30 to 50,0.7391065027882198,0.09600829843635945,12748.595942938147
2043,1,179658,Renter,30 to 50,0.2608934972117802,0.16649922137941428,7804.085557829622
2043,1,179658,Owner,50 to 80,0.7391065027882198,0.15542132000697448,20637.836957400195
2043,1,179658,Renter,50 to 80,0.2608934972117802,0.21883424591014886,10257.11209888624
2043,1,179658,Owner,80 to 100,0.7391065027882198,0.10144010970012737,13469.866584829375
2043,1,179658,Renter,80 to 100,0.2608934972117802,0.10626077929036688,4980.613159349001
2043,1,179658,Owner,Greater than 100,0.7391065027882198,0.5477588606790651,72734.92502932381
2043,1,179658,Renter,Greater than 100,0.2608934972117802,0.29060129602652335,13620.94884659658
2044,1,180896,Owner,Less than 30,0.7391065027882198,0.09937141117747365,13286.09778100079
2044,1,180896,Renter,Less than 30,0.2608934972117802,0.21780445739354665,10279.192082460535
2044,1,180896,Owner,30 to 50,0.7391065027882198,0.09600829843635945,12836.444865765729
2044,1,180896,Renter,30 to 50,0.2608934972117802,0.16649922137941428,7857.86250024573
2044,1,180896,Owner,50 to 80,0.7391065027882198,0.15542132000697448,20780.04961786208
2044,1,180896,Renter,50 to 80,0.2608934972117802,0.21883424591014886,10327.79252936204
2044,1,180896,Owner,80 to 100,0.7391065027882198,0.10144010970012737,13562.685690196344
2044,1,180896,Renter,80 to 100,0.2608934972117802,0.10626077929036688,5014.933919299985
2044,1,180896,Owner,Greater than 100,0.7391065027882198,0.5477588606790651,73236.13197355287
2044,1,180896,Renter,Greater than 100,0.2608934972117802,0.29060129602652335,13714.809040253898
2045,1,182087,Owner,Less than 30,0.7391065027882198,0.09937141117747365,13373.572033926072
2045,1,182087,Renter,Less than 30,0.2608934972117802,0.21780445739354665,10346.869188478415
2045,1,182087,Owner,30 to 50,0.7391065027882198,0.09600829843635945,12920.9586517816
2045,1,182087,Renter,30 to 50,0.2608934972117802,0.16649922137941428,7909.5978301468485
2045,1,182087,Owner,50 to 80,0.7391065027882198,0.15542132000697448,20916.863251634382
2045,1,182087,Renter,50 to 80,0.2608934972117802,0.21883424591014886,10395.789615546755
2045,1,182087,Owner,80 to 100,0.7391065027882198,0.10144010970012737,13651.980968461336
2045,1,182087,Renter,80 to 100,0.2608934972117802,0.10626077929036688,5047.951710173672
2045,1,182087,Owner,Greater than 100,0.7391065027882198,0.5477588606790651,73718.3108673952
2045,1,182087,Renter,Greater than 100,0.2608934972117802,0.29060129602652335,13805.105882455731
2046,1,183190,Owner,Less than 30,0.7391065027882198,0.09937141117747365,13454.583033906412
2046,1,183190,Renter,Less than 30,0.2608934972117802,0.21780445739354665,10409.545803035697
2046,1,183190,Owner,30 to 50,0.7391065027882198,0.09600829843635945,12999.227926320227
2046,1,183190,Renter,30 to 50,0.2608934972117802,0.16649922137941428,7957.51056640288
2046,1,183190,Owner,50 to 80,0.7391065027882198,0.15542132000697448,21043.568069477238
2046,1,183190,Renter,50 to 80,0.2608934972117802,0.21883424591014886,10458.762567739652
2046,1,183190,Owner,80 to 100,0.7391065027882198,0.10144010970012737,13734.67844279071
2046,1,183190,Renter,80 to 100,0.2608934972117802,0.10626077929036688,5078.529899370712
2046,1,183190,Owner,Greater than 100,0.7391065027882198,0.5477588606790651,74164.8627732794
2046,1,183190,Renter,Greater than 100,0.2608934972117802,0.29060129602652335,13888.730917677072
2047,1,184278,Owner,Less than 30,0.7391065027882198,0.09937141117747365,13534.492343043867
2047,1,184278,Renter,Less than 30,0.2608934972117802,0.21780445739354665,10471.370061094012
2047,1,184278,Owner,30 to 50,0.7391065027882198,0.09600829843635945,13076.432795493416
2047,1,184278,Renter,30 to 50,0.2608934972117802,0.16649922137941428,8004.77172419668
2047,1,184278,Owner,50 to 80,0.7391065027882198,0.15542132000697448,21168.54979369576
2047,1,184278,Renter,50 to 80,0.2608934972117802,0.21883424591014886,10520.879133456672
2047,1,184278,Owner,80 to 100,0.7391065027882198,0.10144010970012737,13816.25129144924
2047,1,184278,Renter,80 to 100,0.2608934972117802,0.10626077929036688,5108.69224737287
2047,1,184278,Owner,Greater than 100,0.7391065027882198,0.5477588606790651,74605.34189712528
2047,1,184278,Renter,Greater than 100,0.2608934972117802,0.29060129602652335,13971.218713072198
2048,1,185327,Owner,Less than 30,0.7391065027882198,0.09937141117747365,13611.537255989813
2048,1,185327,Renter,Less than 30,0.2608934972117802,0.21780445739354665,10530.978192255016
2048,1,185327,Owner,30 to 50,0.7391065027882198,0.09600829843635945,13150.870210716464
2048,1,185327,Renter,30 to 50,0.2608934972117802,0.16649922137941428,8050.338777988681
2048,1,185327,Owner,50 to 80,0.7391065027882198,0.15542132000697448,21289.051474491014
2048,1,185327,Renter,50 to 80,0.2608934972117802,0.21883424591014886,10580.769094336407
2048,1,185327,Owner,80 to 100,0.7391065027882198,0.10144010970012737,13894.90011336358
2048,1,185327,Renter,80 to 100,0.2608934972117802,0.10626077929036688,5137.773408268333
2048,1,185327,Owner,Greater than 100,0.7391065027882198,0.5477588606790651,75030.03178767156
2048,1,185327,Renter,Greater than 100,0.2608934972117802,0.29060129602652335,14050.749684919148
2049,1,186406,Owner,Less than 30,0.7391065027882198,0.09937141117747365,13690.785550621535
2049,1,186406,Renter,Less than 30,0.2608934972117802,0.21780445739354665,10592.291036413952
2049,1,186406,Owner,30 to 50,0.7391065027882198,0.09600829843635945,13227.436436670389
2049,1,186406,Renter,30 to 50,0.2608934972117802,0.16649922137941428,8097.2089887051425
2049,1,186406,Owner,50 to 80,0.7391065027882198,0.15542132000697448,21412.999342534935
2049,1,186406,Renter,50 to 80,0.2608934972117802,0.21883424591014886,10642.3718281679
2049,1,186406,Owner,80 to 100,0.7391065027882198,0.10144010970012737,13975.798186619604
2049,1,186406,Renter,80 to 100,0.2608934972117802,0.10626077929036688,5167.686251553561
2049,1,186406,Owner,Greater than 100,0.7391065027882198,0.5477588606790651,75466.86724229445
2049,1,186406,Renter,Greater than 100,0.2608934972117802,0.29060129602652335,14132.555136418541
2050,1,187411,Owner,Less than 30,0.7391065027882198,0.09937141117747365,13764.59883709501
2050,1,187411,Renter,Less than 30,0.2608934972117802,0.21780445739354665,10649.398921844657
2050,1,187411,Owner,30 to 50,0.7391065027882198,0.09600829843635945,13298.751596154814
2050,1,187411,Renter,30 to 50,0.2608934972117802,0.16649922137941428,8140.864745674599
2050,1,187411,Owner,50 to 80,0.7391065027882198,0.15542132000697448,21528.44661536546
2050,1,187411,Renter,50 to 80,0.2608934972117802,0.21883424591014886,10699.749722051725
2050,1,187411,Owner,80 to 100,0.7391065027882198,0.10144010970012737,14051.148106566132
2050,1,187411,Renter,80 to 100,0.2608934972117802,0.10626077929036688,5195.547611610702
2050,1,187411,Owner,Greater than 100,0.7391065027882198,0.5477588606790651,75873.74363886165
2050,1,187411,Renter,Greater than 100,0.2608934972117802,0.29060129602652335,14208.750204775248
